id,age,term,annual_contribution,growth_rate,takaful_benefit,year_one,year_two,year_three,year_four,year_five,year_six,year_seven,year_eight,year_nine,year_ten,year_eleven,year_twelve,year_thirteen,year_fourteen,year_fifteen,year_sixteen,year_seventeen,year_eighteen,year_nineteen,year_twenty,year_twenty_one,year_twenty_two,year_twenty_three,year_twenty_four,year_twenty_five,created_at
1,18,10,198400,0.09,992000,113859,260656,478423,711673,981736,1250650,1578820,1889720,2222450,2639120,,,,,,,,,,,,,,,,3/4/2025 0:34
2,18,15,144200,0.09,721000,82243.5,188350,345951,514710,710117,904571,1141970,1366670,1607070,1908310,2186640,2484430,2803040,3143910,3581980,,,,,,,,,,,3/4/2025 0:34
3,18,20,118500,0.09,592500,67252.6,154064,283137,421315,581323,740473,934830,1118650,1315280,1561780,1789330,2032730,2293080,2571560,2929720,3252600,3597960,3967360,4362460,4845330,,,,,,3/4/2025 0:34
4,18,25,103400,0.09,517000,58444.7,133920,246231,366442,505651,644058,813124,972929,1143840,1358180,1555890,1767330,1993460,2235280,2546480,2826760,3126490,3447010,3789760,4208880,4604540,5027620,5480030,5963770,6533630,3/4/2025 0:34
5,19,10,198400,0.09,992000,113859,260609,478347,711577,981629,1250530,1578700,1889590,2222310,2638970,,,,,,,,,,,,,,,,3/4/2025 0:34
6,19,15,144200,0.09,721000,82243.5,188316,345896,514639,710039,904488,1141880,1366570,1606970,1908200,2186520,2484300,2802900,3143770,3581820,,,,,,,,,,,3/4/2025 0:34
7,19,20,118500,0.09,592500,67252.6,154036,283092,421258,581259,740405,934757,1118570,1315190,1561690,1789230,2032620,2292970,2571440,2929590,3252460,3597820,3967200,4362290,4845150,,,,,,3/4/2025 0:34
8,19,25,103400,0.09,517000,58444.7,133895,246191,366391,505595,643998,813060,972860,1143760,1358100,1555800,1767240,1993360,2235170,2546370,2826640,3126360,3446880,3789620,4208720,4604370,5027440,5479830,5963560,6533410,3/4/2025 0:34
9,20,10,198400,0.09,992000,113830,260543,478251,711454,981496,1250390,1578550,1889420,2222140,2638780,,,,,,,,,,,,,,,,3/4/2025 0:34
10,20,15,144200,0.09,721000,82223,188268,345826,514550,709942,904384,1141770,1366450,1606840,1908060,2186370,2484150,2802730,3143590,3581630,,,,,,,,,,,3/4/2025 0:34
11,20,20,118500,0.09,592500,67235.8,153997,283034,421184,581179,740319,934665,1118470,1315090,1561580,1789110,2032500,2292830,2571290,2929430,3252290,3597630,3967010,4362080,4844920,,,,,,3/4/2025 0:34
12,20,25,103500,0.09,517500,58488.3,133994,246385,366690,506026,644561,813786,973738,1144800,1359350,1557240,1768890,1995220,2237270,2548770,2829310,3129330,3450150,3793220,4212740,4608780,5032260,5485100,5969300,6539710,3/4/2025 0:34
13,21,10,198500,0.09,992500,113868,260619,478399,711700,981868,1250890,1579210,1890230,2223100,2639950,,,,,,,,,,,,,,,,3/4/2025 0:34
14,21,15,144200,0.09,721000,82207.7,188225,345756,514464,709848,904283,1141660,1366330,1606720,1907930,2186230,2483990,2802570,3143410,3581440,,,,,,,,,,,3/4/2025 0:34
15,21,20,118500,0.09,592500,67223.1,153962,282976,421114,581101,740235,934576,1118380,1314990,1561470,1788990,2032370,2292700,2571150,2929280,3252130,3597460,3966820,4361880,4844710,,,,,,3/4/2025 0:34
16,21,25,103500,0.09,517500,58477.3,133964,246335,366629,505958,644488,813707,973655,1144710,1359250,1557140,1768780,1995100,2237140,2548630,2829170,3129170,3449980,3793050,4212550,4608570,5032040,5484860,5969050,6539440,3/4/2025 0:34
17,22,10,198500,0.09,992500,113847,260549,478299,711573,981729,1250740,1579050,1890060,2222920,2639750,,,,,,,,,,,,,,,,3/4/2025 0:34
18,22,15,144200,0.09,721000,82192.3,188175,345683,514372,709746,904175,1141550,1366210,1606590,1907790,2186080,2483830,2802390,3143230,3581240,,,,,,,,,,,3/4/2025 0:34
19,22,20,118500,0.09,592500,67210.5,153920,282916,421037,581018,740146,934480,1118270,1314880,1561350,1788870,2032230,2292550,2570990,2929110,3251950,3597270,3966610,4361660,4844470,,,,,,3/4/2025 0:34
20,22,25,103500,0.09,517500,58466.3,133927,246282,366562,505884,644409,813624,973565,1144620,1359150,1557030,1768660,1994980,2237010,2548490,2829010,3129000,3449800,3792850,4212350,4608350,5031810,5484610,5968780,6539150,3/4/2025 0:34
21,23,10,198500,0.09,992500,113818,260483,478195,711446,981590,1250590,1578890,1889890,2222740,2639560,,,,,,,,,,,,,,,,3/4/2025 0:34
22,23,15,144200,0.09,721000,82171.9,188127,345607,514280,709645,904066,1141430,1366090,1606450,1907640,2185930,2483660,2802220,3143040,3581040,,,,,,,,,,,3/4/2025 0:34
23,23,20,118500,0.09,592500,67193.7,153881,282854,420961,580934,740056,934384,1118170,1314770,1561230,1788740,2032100,2292410,2570840,2928940,3251770,3597070,3966410,4361440,4844240,,,,,,3/4/2025 0:34
24,23,25,103500,0.09,517500,58451.6,133893,246227,366495,505811,644331,813539,973474,1144520,1359040,1556920,1768540,1994850,2236870,2548340,2828860,3128840,3449630,3792660,4212140,4608130,5031570,5484360,5968510,6538860,3/4/2025 0:34
25,24,10,198500,0.09,992500,113797,260413,478094,711314,981445,1250440,1578720,1889710,2222540,2639350,,,,,,,,,,,,,,,,3/4/2025 0:34
26,24,15,144200,0.09,721000,82156.5,188076,345534,514183,709538,903952,1141310,1365950,1606310,1907490,2185770,2483490,2802030,3142840,3580830,,,,,,,,,,,3/4/2025 0:34
27,24,20,118500,0.09,592500,67181.1,153839,282794,420882,580846,739962,934283,1118060,1314650,1561110,1788610,2031960,2292250,2570680,2928770,3251590,3596870,3966190,4361210,4843990,,,,,,3/4/2025 0:34
28,24,25,103500,0.09,517500,58440.5,133856,246175,366426,505734,644248,813451,973380,1144420,1358940,1556800,1768410,1994720,2236730,2548190,2828690,3128660,3449440,3792460,4211920,4607900,5031330,5484090,5968230,6538560,3/4/2025 0:34
29,25,10,198500,0.09,992500,113769,260347,477981,711168,981286,1250270,1578540,1889510,2222340,2639130,,,,,,,,,,,,,,,,3/4/2025 0:34
30,25,15,144200,0.09,721000,82136,188028,345452,514077,709422,903828,1141180,1365810,1606160,1907330,2185590,2483310,2801830,3142620,3580600,,,,,,,,,,,3/4/2025 0:34
31,25,20,118500,0.09,592500,67164.2,153800,282726,420794,580750,739860,934173,1117950,1314520,1560970,1788460,2031800,2292090,2570500,2928580,3251380,3596660,3965960,4360960,4843720,,,,,,3/4/2025 0:34
32,25,25,103500,0.09,517500,58425.8,133822,246116,366349,505650,644158,813355,973277,1144310,1358820,1556680,1768280,1994570,2236570,2548020,2828520,3128470,3449230,3792240,4211690,4607650,5031060,5483800,5967920,6538220,3/4/2025 0:34
33,26,10,198500,0.09,992500,113748,260265,477851,711009,981110,1250080,1578340,1889300,2222100,2638880,,,,,,,,,,,,,,,,3/4/2025 0:34
34,26,15,144200,0.09,721000,82120.7,187969,345357,513961,709295,903691,1141030,1365660,1605990,1907150,2185400,2483100,2801610,3142390,3580340,,,,,,,,,,,3/4/2025 0:34
35,26,20,118500,0.09,592500,67151.6,153751,282648,420699,580645,739747,934052,1117820,1314390,1560820,1788300,2031630,2291900,2570300,2928370,3251160,3596420,3965700,4360680,4843430,,,,,,3/4/2025 0:34
36,26,25,103500,0.09,517500,58414.8,133779,246047,366266,505558,644059,813249,973163,1144190,1358690,1556540,1768130,1994410,2236400,2547840,2828320,3128260,3449010,3792000,4211430,4607370,5030760,5483490,5967580,6537860,3/4/2025 0:34
37,27,10,198600,0.09,993000,113771,260302,477957,711195,981415,1250510,1578920,1890020,2222980,2639950,,,,,,,,,,,,,,,,3/4/2025 0:34
38,27,15,144200,0.09,721000,82095.1,187898,345257,513832,709151,903537,1140860,1365480,1605800,1906950,2185180,2482870,2801360,3142120,3580060,,,,,,,,,,,3/4/2025 0:34
39,27,20,118500,0.09,592500,67130.6,153693,282565,420593,580527,739620,933917,1117670,1314230,1560660,1788130,2031440,2291700,2570080,2928130,3250910,3596150,3965410,4360370,4843100,,,,,,3/4/2025 0:34
40,27,25,103500,0.09,517500,58396.4,133729,245975,366173,505454,643948,813130,973036,1144050,1358540,1556380,1767960,1994230,2236210,2547630,2828100,3128020,3448750,3791730,4211140,4607060,5030430,5483130,5967200,6537450,3/4/2025 0:34
41,28,10,198600,0.09,993000,113736,260216,477815,711003,981205,1250280,1578680,1889760,2222700,2639660,,,,,,,,,,,,,,,,3/4/2025 0:34
42,28,15,144300,0.09,721500,82127.7,187969,345397,514055,709498,904010,1141490,1366250,1606730,1908080,2186490,2484380,2803080,3144060,3582290,,,,,,,,,,,3/4/2025 0:34
43,28,20,118600,0.09,593000,67167.7,153775,282724,420840,580900,740122,934576,1118480,1315200,1561820,1789480,2032990,2293460,2572070,2930420,3253450,3598980,3968550,4363830,4846960,,,,,,3/4/2025 0:34
44,28,25,103500,0.09,517500,58378,133684,245901,366072,505343,643830,813002,972900,1143910,1358380,1556210,1767780,1994040,2236000,2547410,2827860,3127770,3448480,3791440,4210830,4606730,5030070,5482750,5966790,6537010,3/4/2025 0:34
45,29,10,198600,0.09,993000,113707,260115,477638,710784,980964,1250020,1578400,1889470,2222390,2639320,,,,,,,,,,,,,,,,3/4/2025 0:34
46,29,15,144300,0.09,721500,82107.2,187896,345268,513895,709322,903822,1141290,1366040,1606500,1907830,2186230,2484090,2802780,3143740,3581940,,,,,,,,,,,3/4/2025 0:34
47,29,20,118600,0.09,593000,67150.9,153714,282618,420709,580755,739966,934410,1118300,1315010,1561620,1789260,2032760,2293210,2571800,2930130,3253150,3598650,3968190,4363450,4846550,,,,,,3/4/2025 0:34
48,29,25,103500,0.09,517500,58363.3,133631,245808,365957,505216,643693,812856,972743,1143740,1358200,1556020,1767580,1993820,2235770,2547160,2827590,3127480,3448170,3791110,4210470,4606350,5029660,5482310,5966320,6536510,3/4/2025 0:34
49,30,10,198600,0.09,993000,113665,259975,477437,710529,980684,1249720,1578080,1889120,2222020,2638920,,,,,,,,,,,,,,,,3/4/2025 0:34
50,30,15,144300,0.09,721500,82076.5,187794,345122,513709,709118,903603,1141060,1365790,1606230,1907540,2185920,2483760,2802420,3143360,3581530,,,,,,,,,,,3/4/2025 0:34
51,30,20,118600,0.09,593000,67125.6,153631,282498,420555,580587,739786,934216,1118090,1314780,1561380,1789010,2032480,2292920,2571490,2929790,3252790,3598260,3967780,4363010,4846080,,,,,,3/4/2025 0:34
52,30,25,103500,0.09,517500,58341.3,133558,245703,365823,505068,643535,812687,972562,1143540,1358000,1555800,1767340,1993560,2235490,2546870,2827280,3127140,3447810,3790720,4210060,4605900,5029190,5481800,5965780,6535930,3/4/2025 0:34
53,31,10,198700,0.09,993500,113667,259976,477471,710628,980893,1250050,1578550,1889730,2222770,2639860,,,,,,,,,,,,,,,,3/4/2025 0:34
54,31,15,144300,0.09,721500,82035.5,187698,344970,513517,708906,903376,1140810,1365530,1605950,1907240,2185600,2483420,2802050,3142960,3581110,,,,,,,,,,,3/4/2025 0:34
55,31,20,118600,0.09,593000,67091.9,153552,282372,420397,580412,739598,934016,1117880,1314550,1561140,1788740,2032200,2292620,2571170,2929450,3252410,3597860,3967350,4362550,4845580,,,,,,3/4/2025 0:34
56,31,25,103500,0.09,517500,58311.9,133489,245593,365684,504915,643371,812511,972374,1143340,1357780,1555570,1767090,1993300,2235210,2546560,2826950,3126790,3447440,3790320,4209630,4605440,5028690,5481270,5965210,6535320,3/4/2025 0:34
57,32,10,198700,0.09,993500,113625,259836,477253,710344,980581,1249710,1578190,1889350,2222360,2639420,,,,,,,,,,,,,,,,3/4/2025 0:34
58,32,15,144300,0.09,721500,82004.7,187596,344811,513310,708678,903132,1140550,1365250,1605650,1906920,2185260,2483050,2801660,3142540,3580660,,,,,,,,,,,3/4/2025 0:34
59,32,20,118600,0.09,593000,67066.6,153468,282241,420227,580223,739397,933800,1117650,1314310,1560870,1788460,2031900,2292290,2570820,2929070,3252010,3597430,3966890,4362060,4845060,,,,,,3/4/2025 0:34
60,32,25,103500,0.09,517500,58289.8,133416,245479,365535,504750,643195,812322,972171,1143130,1357550,1555320,1766820,1993010,2234900,2546230,2826600,3126420,3447040,3789890,4209170,4604950,5028160,5480710,5964600,6534670,3/4/2025 0:34
61,33,10,198700,0.09,993500,113568,259681,477001,710024,980229,1249340,1577790,1888910,2221900,2638920,,,,,,,,,,,,,,,,3/4/2025 0:34
62,33,15,144300,0.09,721500,81963.7,187483,344627,513078,708421,902856,1140260,1364930,1605320,1906560,2184870,2482630,2801210,3142060,3580150,,,,,,,,,,,3/4/2025 0:34
63,33,20,118600,0.09,593000,67032.9,153375,282091,420035,580011,739169,933556,1117390,1314030,1560570,1788140,2031550,2291920,2570420,2928650,3251560,3596950,3966380,4361510,4844460,,,,,,3/4/2025 0:34
64,33,25,103500,0.09,517500,58260.4,133335,245347,365368,504564,642995,812109,971943,1142880,1357290,1555040,1766520,1992690,2234560,2545860,2826200,3125990,3446580,3789400,4208650,4604390,5027570,5480070,5963920,6533940,3/4/2025 0:34
65,34,10,198800,0.09,994000,113570,259634,476967,710029,980335,1249550,1578140,1889390,2222510,2639720,,,,,,,,,,,,,,,,3/4/2025 0:34
66,34,15,144400,0.09,722000,81980.8,187486,344669,513179,708633,903185,1140730,1365540,1606070,1907500,2185980,2483920,2802700,3143760,3582110,,,,,,,,,,,3/4/2025 0:34
67,34,20,118600,0.09,593000,66999.2,153268,281924,419820,579774,738916,933284,1117100,1313720,1560240,1787780,2031170,2291510,2569980,2928180,3251060,3596410,3965800,4360890,4843800,,,,,,3/4/2025 0:34
68,34,25,103600,0.09,518000,58289,133374,245445,365542,504856,643410,812675,972651,1143740,1358340,1556270,1767940,1994310,2236400,2547990,2828580,3128640,3449520,3792650,4212280,4608380,5031940,5484850,5969150,6539690,3/4/2025 0:34
69,35,10,198800,0.09,994000,113499,259440,476656,709631,979903,1249090,1577650,1888860,2221940,2639110,,,,,,,,,,,,,,,,3/4/2025 0:34
70,35,15,144400,0.09,722000,81929.5,187344,344442,512889,708318,902848,1140370,1365150,1605660,1907060,2185500,2483410,2802150,3143170,3581480,,,,,,,,,,,3/4/2025 0:34
71,35,20,118600,0.09,593000,66957.1,153152,281738,419582,579514,738637,932986,1116780,1313370,1559870,1787390,2030750,2291060,2569500,2927660,3250500,3595820,3965160,4360210,4843070,,,,,,3/4/2025 0:34
72,35,25,103600,0.09,518000,58252.2,133272,245282,365333,504629,643166,812414,972371,1143440,1358020,1555920,1767570,1993920,2235970,2547540,2828090,3128120,3448960,3792050,4211640,4607700,5031210,5484070,5968310,6538790,3/4/2025 0:34
73,36,10,198900,0.09,994500,113487,259354,476553,709592,979967,1249260,1577950,1889290,2222500,2639840,,,,,,,,,,,,,,,,3/4/2025 0:34
74,36,15,144400,0.09,722000,81878.2,187185,344191,512598,708001,902508,1140010,1364760,1605240,1906610,2185020,2482900,2801600,3142580,3580860,,,,,,,,,,,3/4/2025 0:34
75,36,20,118700,0.09,593500,66973,153154,281774,419703,579752,738994,933491,1117420,1314160,1560850,1788530,2032080,2292590,2571240,2929680,3252760,3598340,3967970,4363310,4846550,,,,,,3/4/2025 0:34
76,36,25,103600,0.09,518000,58215.4,133158,245102,365123,504400,642922,812152,972090,1143140,1357700,1555580,1767200,1993520,2235550,2547080,2827610,3127600,3448400,3791460,4211000,4607010,5030480,5483280,5967460,6537890,3/4/2025 0:34
77,37,10,198900,0.09,994500,113402,259109,476239,709224,979567,1248830,1577490,1888800,2221980,2639270,,,,,,,,,,,,,,,,3/4/2025 0:34
78,37,15,144400,0.09,722000,81816.7,187007,343962,512330,707709,902196,1139670,1364410,1604860,1906200,2184580,2482430,2801100,3142040,3580280,,,,,,,,,,,3/4/2025 0:34
79,37,20,118700,0.09,593500,66922.4,153007,281586,419483,579512,738736,933215,1117120,1313850,1560510,1788170,2031690,2292180,2570790,2929200,3252250,3597790,3967380,4362680,4845880,,,,,,3/4/2025 0:34
80,37,25,103600,0.09,518000,58171.2,133030,244937,364930,504190,642696,811911,971832,1142860,1357400,1555260,1766860,1993160,2235160,2546660,2827160,3127120,3447890,3790900,4210410,4606380,5029800,5482560,5966690,6537060,3/4/2025 0:34
81,38,10,198900,0.09,994500,113310,258939,476005,708939,979254,1248500,1577130,1888410,2221560,2638830,,,,,,,,,,,,,,,,3/4/2025 0:34
82,38,15,144500,0.09,722500,81807.9,187016,344035,512483,707980,902588,1140210,1365090,1605690,1907220,2185780,2483810,2802680,3143840,3582360,,,,,,,,,,,3/4/2025 0:34
83,38,20,118700,0.09,593500,66867.5,152905,281446,419312,579324,738535,932999,1116890,1313600,1560240,1787890,2031390,2291850,2570450,2928830,3251850,3597360,3966920,4362190,4845350,,,,,,3/4/2025 0:34
84,38,25,103600,0.09,518000,58123.3,132942,244815,364781,504026,642520,811722,971630,1142650,1357170,1555010,1766600,1992870,2234850,2546340,2826810,3126750,3447490,3790480,4209950,4605890,5029270,5482000,5966080,6536410,3/4/2025 0:34
85,39,10,199000,0.09,995000,113326,258954,476062,709066,979489,1248850,1577630,1889050,2222350,2639810,,,,,,,,,,,,,,,,3/4/2025 0:34
86,39,15,144500,0.09,722500,81777.1,186931,343900,512313,707787,902382,1139990,1364850,1605430,1906950,2185490,2483500,2802350,3143480,3581970,,,,,,,,,,,3/4/2025 0:34
87,39,20,118700,0.09,593500,66842.2,152836,281335,419171,579165,738365,932817,1116700,1313390,1560020,1787650,2031130,2291570,2570150,2928510,3251520,3597000,3966530,4361780,4844910,,,,,,3/4/2025 0:34
88,39,25,103600,0.09,518000,58101.2,132880,244718,364658,503886,642371,811562,971459,1142460,1356970,1554800,1766370,1992630,2234600,2546060,2826510,3126430,3447150,3790110,4209560,4605470,5028820,5481520,5965570,6535860,3/4/2025 0:34
89,40,10,199000,0.09,995000,113283,258825,475864,708778,979164,1248500,1577260,1888650,2221920,2639350,,,,,,,,,,,,,,,,3/4/2025 0:34
90,40,15,144500,0.09,722500,81746.3,186837,343756,512103,707549,902127,1139720,1364560,1605120,1906620,2185130,2483120,2801940,3143040,3581500,,,,,,,,,,,3/4/2025 0:34
91,40,20,118700,0.09,593500,66816.9,152759,281217,418999,578968,738154,932591,1116450,1313130,1559740,1787350,2030810,2291230,2569790,2928120,3251100,3596550,3966050,4361260,4844350,,,,,,3/4/2025 0:34
92,40,25,103600,0.09,518000,58079.1,132813,244614,364507,503714,642186,811364,971247,1142240,1356730,1554540,1766090,1992330,2234280,2545720,2826150,3126040,3446730,3789660,4209080,4604950,5028270,5480920,5964930,6535180,3/4/2025 0:34
93,41,10,199000,0.09,995000,113234,258689,475589,708384,978717,1248020,1576750,1888100,2221330,2638720,,,,,,,,,,,,,,,,3/4/2025 0:34
94,41,15,144500,0.09,722500,81710.4,186738,343556,511816,707222,901776,1139350,1364160,1604690,1906150,2184640,2482590,2801370,3142440,3580850,,,,,,,,,,,3/4/2025 0:34
95,41,20,118700,0.09,593500,66787.4,152677,281052,418761,578698,737865,932281,1116120,1312770,1559360,1786940,2030380,2290760,2569280,2927580,3250520,3595940,3965390,4360550,4843600,,,,,,3/4/2025 0:34
96,41,25,103600,0.09,518000,58053.4,132742,244470,364299,503476,641932,811092,970955,1141920,1356390,1554180,1765710,1991920,2233840,2545250,2825640,3125490,3446150,3789040,4208410,4604240,5027510,5480100,5964060,6534240,3/4/2025 0:34
97,42,10,199100,0.09,995500,113242,258589,475411,708153,978561,1247960,1576800,1888260,2221600,2639140,,,,,,,,,,,,,,,,3/4/2025 0:34
98,42,15,144600,0.09,723000,81732.3,186702,343492,511745,707242,901899,1139600,1364530,1605190,1906820,2185460,2483570,2802520,3143770,3582430,,,,,,,,,,,3/4/2025 0:34
99,42,20,118800,0.09,594000,66815.7,152670,281042,418767,578801,738077,932631,1116600,1313390,1560150,1787890,2031490,2292060,2570770,2929330,3252490,3598150,3967870,4363310,4846700,,,,,,3/4/2025 0:34
100,42,25,103700,0.09,518500,58085.4,132753,244492,364349,503629,642197,811498,971492,1142600,1357250,1555200,1766900,1993300,2235420,2547090,2827720,3127820,3448740,3791920,4211650,4607810,5031430,5484410,5968770,6539440,3/4/2025 0:34
101,43,10,199200,0.09,996000,113194,258369,475034,707738,978191,1247660,1576610,1888160,2221590,2639260,,,,,,,,,,,,,,,,3/4/2025 0:34
102,43,15,144600,0.09,723000,81655.2,186446,343042,511180,706608,901220,1138870,1363750,1604360,1905930,2184500,2482540,2801420,3142590,3581170,,,,,,,,,,,3/4/2025 0:34
103,43,20,118800,0.09,594000,66752.3,152460,280672,418301,578278,737517,932030,1115960,1312700,1559410,1787100,2030650,2291150,2569800,2928290,3251380,3596960,3966590,4361940,4845230,,,,,,3/4/2025 0:34
104,43,25,103700,0.09,518500,58030.1,132569,244168,363942,503170,641706,810972,970928,1142000,1356600,1554510,1766160,1992510,2234560,2546180,2826740,3126780,3447620,3790720,4210370,4606430,5029960,5482830,5967080,6537630,3/4/2025 0:34
105,44,10,199300,0.09,996500,113110,258014,474564,707131,977614,1247150,1576180,1887800,2221310,2639090,,,,,,,,,,,,,,,,3/4/2025 0:34
106,44,15,144700,0.09,723500,81610.1,186224,342766,510836,706321,901014,1138770,1363750,1604460,1906170,2184850,2483030,2802040,3143360,3582140,,,,,,,,,,,3/4/2025 0:34
107,44,20,118800,0.09,594000,66667.9,152170,280246,417722,577631,736824,931288,1115160,1311850,1558500,1786120,2029600,2290030,2568600,2927010,3250000,3595480,3965010,4360250,4843420,,,,,,3/4/2025 0:34
108,44,25,103700,0.09,518500,57956.3,132315,243796,363435,502603,641098,810321,970231,1141250,1355810,1553660,1765240,1991530,2233510,2545050,2825540,3125480,3446240,3789240,4208780,4604730,5028140,5480880,5964990,6535390,3/4/2025 0:34
109,45,10,199400,0.09,997000,112969,257670,473949,706368,976862,1246440,1575550,1887220,2220800,2638670,,,,,,,,,,,,,,,,3/4/2025 0:34
110,45,15,144700,0.09,723500,81466.1,185878,342143,510018,705410,900039,1137730,1362630,1603260,1904880,2183480,2481550,2800460,3141670,3580330,,,,,,,,,,,3/4/2025 0:34
111,45,20,118900,0.09,594500,66607.2,152017,279975,417407,577376,736652,931226,1115200,1311990,1558780,1786530,2030130,2290710,2569430,2928040,3251210,3596880,3966610,4362060,4845520,,,,,,3/4/2025 0:34
112,45,25,103800,0.09,519000,57910.7,132199,243590,363205,502441,641026,810366,970381,1141510,1356220,1554200,1765930,1992360,2234510,2546270,2826950,3127090,3448060,3791300,4211130,4607360,5031050,5484100,5968550,6539350,3/4/2025 0:34
113,46,10,199600,0.09,998000,112928,257286,473390,705742,976360,1246110,1575430,1887300,2221090,2639250,,,,,,,,,,,,,,,,3/4/2025 0:34
114,46,15,144800,0.09,724000,81410.5,185540,341627,509399,704816,899504,1137280,1362250,1602950,1904690,2183370,2481540,2800550,3141860,3580700,,,,,,,,,,,3/4/2025 0:34
115,46,20,119000,0.09,595000,66571.7,151762,279593,416960,576972,736321,930994,1115050,1311930,1558850,1786700,2030430,2291120,2569970,2928780,3252110,3597940,3967850,4363490,4847200,,,,,,3/4/2025 0:34
116,46,25,103800,0.09,519000,57829.4,131861,243046,362500,501653,640182,809462,969413,1140480,1355110,1553010,1764660,1991000,2233050,2544710,2825270,3125300,3446140,3789230,4208930,4605000,5028520,5481390,5965640,6536240,3/4/2025 0:34
117,47,10,199800,0.09,999000,112759,256763,472644,704871,975594,1245490,1575010,1887060,2221030,2639450,,,,,,,,,,,,,,,,3/4/2025 0:34
118,47,15,144900,0.09,724500,81261.9,185101,340976,508603,704031,898765,1136610,1361630,1602390,1904220,2182970,2481220,2800310,3141700,3580680,,,,,,,,,,,3/4/2025 0:34
119,47,20,119000,0.09,595000,66402.4,151293,278860,416010,575916,735190,929783,1113750,1310540,1557370,1785110,2028720,2289300,2568020,2926680,3249860,3595540,3965270,4360730,4844240,,,,,,3/4/2025 0:34
120,47,25,103900,0.09,519500,57739.1,131583,242645,362027,501224,639824,809201,969235,1140390,1355140,1553150,1764910,1991370,2233550,2545400,2826110,3126300,3447320,3790590,4210540,4606820,5030580,5483700,5968210,6539150,3/4/2025 0:34
121,48,10,200000,0.09,1000000,112590,256190,471773,703878,974663,1244700,1574410,1886620,2220760,2639420,,,,,,,,,,,,,,,,3/4/2025 0:34
122,48,15,145100,0.09,725500,81170.2,184756,340474,508074,703619,898527,1136600,1361820,1602800,1904930,2183930,2482440,2801830,3143530,3582940,,,,,,,,,,,3/4/2025 0:34
123,48,20,119100,0.09,595500,66290.2,150926,278292,415344,575256,734584,929256,1113290,1310150,1557080,1784900,2028600,2289270,2568090,2926910,3250210,3596010,3965880,4361480,4845200,,,,,,3/4/2025 0:34
124,48,25,103900,0.09,519500,57591.2,131148,241940,361133,500212,638741,808041,967992,1139060,1353720,1551620,1763270,1989620,2231670,2543390,2823960,3123990,3444850,3787950,4207700,4603790,5027320,5480220,5964480,6535150,3/4/2025 0:34
125,49,10,200200,0.09,1001000,112391,255486,470785,702601,973424,1243580,1573450,1885790,2220080,2638960,,,,,,,,,,,,,,,,3/4/2025 0:34
126,49,15,145200,0.09,726000,81000.1,184187,339647,506983,702489,897419,1135530,1360790,1601790,1903980,2183010,2481560,2800990,3142740,3582240,,,,,,,,,,,3/4/2025 0:34
127,49,20,119200,0.09,596000,66160.8,150481,277655,414509,574410,733781,928517,1112600,1309510,1556530,1784420,2028180,2288920,2567820,2926770,3250160,3596060,3966040,4361750,4845640,,,,,,3/4/2025 0:34
128,49,25,104000,0.09,520000,57485.5,130777,241414,360447,499534,638116,807493,967508,1138640,1353400,1551390,1763120,1989560,2231710,2543580,2824260,3124430,3445410,3788660,4208610,4604860,5028580,5481660,5966130,6537070,3/4/2025 0:34
129,50,10,200500,0.09,1002500,112191,254884,469738,701369,972326,1242700,1572880,1885490,2220060,2639340,,,,,,,,,,,,,,,,3/4/2025 0:34
130,50,15,145300,0.09,726500,80788.3,183597,338606,505667,701105,896038,1134180,1359430,1600450,1902670,2181710,2480270,2799710,3141460,3581030,,,,,,,,,,,3/4/2025 0:34
131,50,20,119300,0.09,596500,65997,150020,276841,413488,573355,732753,927538,1111650,1308600,1555680,1783610,2027420,2288210,2567160,2926220,3249670,3595640,3965680,4361480,4845500,,,,,,3/4/2025 0:34
132,50,25,104100,0.09,520500,57349.8,130390,240733,359599,498671,637294,806735,966797,1137980,1352830,1550880,1762670,1989180,2231410,2543410,2824180,3124440,3445530,3788880,4209010,4605390,5029240,5482470,5967110,6538270,3/4/2025 0:34
133,51,10,200800,0.09,1004000,112012,253938,468340,699703,970741,1241310,1571760,1884590,2219400,2639030,,,,,,,,,,,,,,,,3/4/2025 0:34
134,51,15,145500,0.09,727500,80648.3,182888,337549,504391,699859,894907,1133210,1358600,1599760,1902190,2181410,2480150,2799780,3141750,3581640,,,,,,,,,,,3/4/2025 0:34
135,51,20,119400,0.09,597000,65845.6,149354,275819,412210,572011,731414,926227,1110350,1307300,1554430,1782370,2026190,2287000,2565960,2925090,3248560,3594550,3964620,4360440,4844540,,,,,,3/4/2025 0:34
136,51,25,104200,0.09,521000,57224.8,129825,239870,358526,497555,636200,805685,965774,1136990,1351900,1549980,1761820,1988360,2230630,2542730,2823560,3123880,3445020,3788450,4208690,4605150,5029090,5482410,5967140,6538460,3/4/2025 0:34
137,52,10,201200,0.09,1006000,111673,252917,466873,698002,969207,1240080,1570920,1884100,2219290,2639430,,,,,,,,,,,,,,,,3/4/2025 0:34
138,52,15,145700,0.09,728500,80351.7,182032,336271,502836,698296,893436,1131880,1357380,1598650,1901270,2180630,2479520,2799310,3141440,3581620,,,,,,,,,,,3/4/2025 0:34
139,52,20,119600,0.09,598000,65622.3,148697,274853,411056,570895,730423,925409,1109680,1306790,1554140,1782270,2026280,2287300,2566480,2925960,3249700,3595970,3966340,4362490,4847040,,,,,,3/4/2025 0:34
140,52,25,104300,0.09,521500,56987.9,129156,238849,357253,496211,634863,804375,964473,1135690,1350650,1548740,1760590,1987150,2229440,2541600,2822450,3122790,3443970,3787410,4207740,4604230,5028210,5481570,5966340,6537760,3/4/2025 0:34
141,53,10,201600,0.09,1008000,111353,251801,465213,696040,967368,1238510,1569740,1883240,2218770,2639410,,,,,,,,,,,,,,,,3/4/2025 0:34
142,53,15,145900,0.09,729500,80069.4,181109,334856,501094,696514,891732,1130300,1355890,1597260,1900050,2179520,2478530,2798450,3140730,3581160,,,,,,,,,,,3/4/2025 0:34
143,53,20,119700,0.09,598500,65354.5,147857,273539,409396,569111,728614,923594,1107840,1304920,1552270,1780360,2024350,2285320,2564470,2923960,3247650,3593880,3964210,4360310,4844860,,,,,,3/4/2025 0:34
144,53,25,104400,0.09,522000,56761.4,128439,237732,355847,494712,633358,802886,962980,1134200,1349180,1547270,1759110,1985670,2227950,2540170,2821020,3121360,3442530,3785980,4206350,4602850,5026830,5480190,5964970,6536440,3/4/2025 0:34
145,54,10,202100,0.09,1010500,111021,250621,463499,694062,965596,1237120,1568860,1882810,2218820,2640120,,,,,,,,,,,,,,,,3/4/2025 0:34
146,54,15,146200,0.09,731000,79794.8,180175,333467,499439,694918,890327,1129160,1354980,1596590,1899720,2179480,2478790,2799040,3141660,3582620,,,,,,,,,,,3/4/2025 0:34
147,54,20,119900,0.09,599500,65103.3,147032,272290,407872,567569,727165,922286,1106640,1303840,1551380,1779610,2023750,2284880,2564210,2923980,3247880,3594330,3964890,4361240,4846160,,,,,,3/4/2025 0:34
148,54,25,104600,0.09,523000,56556.5,127751,236699,354603,493483,632246,801939,962169,1133530,1348730,1546990,1759020,1985780,2228270,2540810,2821910,3122510,3443970,3787730,4208530,4605390,5029750,5483530,5968740,6540790,3/4/2025 0:34
149,55,10,202500,0.09,1012500,110566,249133,461280,691393,962942,1234690,1566740,1880940,2217230,2638950,,,,,,,,,,,,,,,,3/4/2025 0:34
150,55,15,146500,0.09,732500,79471,179111,331882,497536,693034,888614,1127690,1353710,1595530,1898990,2179000,2478590,2799120,3142060,3583500,,,,,,,,,,,3/4/2025 0:34
151,55,20,120100,0.09,600500,64812,146101,270880,406146,565791,725465,920709,1105150,1302450,1550160,1778510,2022770,2284040,2563500,2923530,3247600,3594230,3964990,4361550,4846800,,,,,,3/4/2025 0:34
152,55,25,104700,0.09,523500,56261,126845,235296,352836,491566,630295,799971,960163,1131480,1346670,1544880,1756870,1983570,2226010,2538540,2819580,3120120,3441520,3785200,4205980,4602750,5027030,5480710,5965830,6537820,3/4/2025 0:34
153,18,10,198400,0.1,992000,114913,264199,486658,727124,1007470,1289950,1635810,1968660,2328180,2800000,,,,,,,,,,,,,,,,3/4/2025 0:34
154,18,15,144200,0.1,721000,83007,190915,351911,525892,728743,933015,1183210,1423790,1683570,2008520,2315040,2646030,3003440,3389400,3900000,,,,,,,,,,,3/4/2025 0:34
155,18,20,118500,0.1,592500,67878.4,156165,288018,430474,596578,763767,968597,1165420,1377920,1643830,1894450,2165020,2457140,2772500,3173820,3546310,3948470,4382650,4851400,5450000,,,,,,3/4/2025 0:34
156,18,25,103400,0.1,517000,58989.5,135748,250478,374411,518924,664325,842504,1013620,1198330,1429560,1647340,1882410,2136150,2410040,2758780,3082190,3431290,3808130,4214890,4707050,5185290,5701530,6258770,6860280,7600000,3/4/2025 0:34
157,19,10,198400,0.1,992000,114913,264152,486581,727028,1007370,1289840,1635680,1968530,2328040,2800000,,,,,,,,,,,,,,,,3/4/2025 0:34
158,19,15,144200,0.1,721000,83007,190880,351856,525821,728665,932931,1183120,1423690,1683470,2008410,2314910,2645890,3003300,3389240,3900000,,,,,,,,,,,3/4/2025 0:34
159,19,20,118500,0.1,592500,67878.4,156137,287973,430415,596514,763697,968522,1165340,1377830,1643740,1894350,2164910,2457020,2772370,3173680,3546160,3948310,4382480,4851210,5450000,,,,,,3/4/2025 0:34
160,19,25,103400,0.1,517000,58989.5,135723,250438,374360,518868,664264,842438,1013550,1198250,1429470,1647250,1882310,2136050,2409930,2758650,3082060,3431150,3807970,4214720,4706870,5185100,5701320,6258540,6860030,7600000,3/4/2025 0:34
161,20,10,198400,0.1,992000,114884,264086,486485,726904,1007230,1289690,1635520,1968350,2327850,2800000,,,,,,,,,,,,,,,,3/4/2025 0:34
162,20,15,144200,0.1,721000,82986.5,190832,351785,525731,728567,932824,1183000,1423560,1683330,2008260,2314760,2645720,3003110,3389040,3900000,,,,,,,,,,,3/4/2025 0:34
163,20,20,118500,0.1,592500,67861.4,156097,287915,430341,596432,763609,968427,1165240,1377720,1643620,1894220,2164770,2456860,2772210,3173500,3545970,3948100,4382250,4850970,5450000,,,,,,3/4/2025 0:34
164,20,25,103500,0.1,517500,59033.6,135824,250636,374666,519311,664846,843190,1014470,1199350,1430790,1648770,1884060,2138040,2412190,2761250,3084960,3434400,3811580,4218730,4711350,5190050,5706770,6264530,6866610,7600000,3/4/2025 0:34
165,21,10,198500,0.1,992500,114922,264163,486636,727156,1007620,1290210,1636210,1969190,2328870,2800000,,,,,,,,,,,,,,,,3/4/2025 0:34
166,21,15,144200,0.1,721000,82971,190789,351714,525644,728471,932721,1182890,1423440,1683200,2008120,2314600,2645560,3002940,3388850,3900000,,,,,,,,,,,3/4/2025 0:34
167,21,20,118500,0.1,592500,67848.8,156062,287856,430270,596354,763524,968335,1165140,1377610,1643500,1894090,2164640,2456720,2772050,3173330,3545790,3947900,4382040,4850740,5450000,,,,,,3/4/2025 0:34
168,21,25,103500,0.1,517500,59022.5,135793,250585,374604,519242,664771,843109,1014380,1199250,1430690,1648660,1883940,2137910,2412050,2761100,3084800,3434220,3811390,4218520,4711130,5189810,5706510,6264260,6866310,7600000,3/4/2025 0:34
169,22,10,198500,0.1,992500,114901,264092,486535,727027,1007470,1290060,1636040,1969020,2328670,2800000,,,,,,,,,,,,,,,,3/4/2025 0:34
170,22,15,144200,0.1,721000,82955.6,190738,351641,525551,728369,932610,1182770,1423310,1683060,2007970,2314440,2645380,3002750,3388640,3900000,,,,,,,,,,,3/4/2025 0:34
171,22,20,118500,0.1,592500,67836.1,156020,287796,430192,596269,763433,968236,1165030,1377500,1643380,1893960,2164490,2456560,2771880,3173140,3545590,3947690,4381800,4850490,5450000,,,,,,3/4/2025 0:34
172,22,25,103500,0.1,517500,59011.5,135757,250532,374536,519168,664691,843023,1014290,1199150,1430580,1648540,1883820,2137770,2411900,2760940,3084630,3434030,3811190,4218300,4710890,5189550,5706230,6263950,6865980,7600000,3/4/2025 0:34
173,23,10,198500,0.1,992500,114872,264026,486429,726899,1007330,1289900,1635880,1968840,2328480,2800000,,,,,,,,,,,,,,,,3/4/2025 0:34
174,23,15,144200,0.1,721000,82935,190690,351564,525457,728266,932499,1182650,1423180,1682920,2007820,2314280,2645200,3002550,3388440,3900000,,,,,,,,,,,3/4/2025 0:34
175,23,20,118500,0.1,592500,67819.2,155981,287733,430116,596184,763341,968137,1164930,1377380,1643250,1893820,2164340,2456400,2771710,3172960,3545390,3947470,4381570,4850230,5450000,,,,,,3/4/2025 0:34
176,23,25,103500,0.1,517500,58996.7,135722,250477,374469,519094,664611,842936,1014190,1199050,1430470,1648420,1883690,2137640,2411750,2760770,3084450,3433840,3810980,4218080,4710660,5189290,5705950,6263650,6865660,7600000,3/4/2025 0:34
177,24,10,198500,0.1,992500,114851,263956,486328,726766,1007190,1289740,1635710,1968650,2328280,2800000,,,,,,,,,,,,,,,,3/4/2025 0:34
178,24,15,144200,0.1,721000,82919.6,190639,351490,525360,728159,932383,1182520,1423050,1682780,2007660,2314110,2645020,3002360,3388220,3900000,,,,,,,,,,,3/4/2025 0:34
179,24,20,118500,0.1,592500,67806.5,155938,287672,430035,596096,763246,968034,1164820,1377260,1643120,1893680,2164190,2456240,2771530,3172770,3545180,3947250,4381330,4849970,5450000,,,,,,3/4/2025 0:34
180,24,25,103500,0.1,517500,58985.6,135685,250424,374398,519016,664527,842845,1014100,1198940,1430350,1648300,1883550,2137490,2411590,2760600,3084270,3433650,3810770,4217850,4710410,5189020,5705660,6263340,6865320,7600000,3/4/2025 0:34
181,25,10,198500,0.1,992500,114823,263889,486214,726619,1007030,1289570,1635520,1968450,2328060,2800000,,,,,,,,,,,,,,,,3/4/2025 0:34
182,25,15,144200,0.1,721000,82899,190591,351407,525253,728042,932257,1182390,1422900,1682620,2007490,2313920,2644820,3002140,3387990,3900000,,,,,,,,,,,3/4/2025 0:34
183,25,20,118500,0.1,592500,67789.6,155899,287604,429947,595999,763141,967921,1164690,1377130,1642980,1893530,2164030,2456060,2771340,3172560,3544950,3947000,4381060,4849680,5450000,,,,,,3/4/2025 0:34
184,25,25,103500,0.1,517500,58970.8,135651,250364,374321,518931,664435,842746,1013990,1198830,1430230,1648160,1883410,2137330,2411420,2760420,3084070,3433430,3810540,4217600,4710130,5188730,5705340,6263000,6864950,7600000,3/4/2025 0:34
185,26,10,198500,0.1,992500,114802,263807,486083,726458,1006850,1289380,1635310,1968230,2327820,2800000,,,,,,,,,,,,,,,,3/4/2025 0:34
186,26,15,144200,0.1,721000,82883.6,190531,351312,525136,727913,932117,1182240,1422740,1682440,2007300,2313710,2644590,3001900,3387730,3900000,,,,,,,,,,,3/4/2025 0:34
187,26,20,118500,0.1,592500,67776.9,155850,287525,429851,595893,763026,967797,1164560,1376980,1642820,1893360,2163840,2455860,2771120,3172320,3544700,3946730,4380770,4849370,5450000,,,,,,3/4/2025 0:34
188,26,25,103500,0.1,517500,58959.8,135608,250295,374237,518838,664334,842637,1013870,1198700,1430090,1648010,1883250,2137160,2411240,2760220,3083850,3433190,3810280,4217320,4709830,5188400,5704990,6262620,6864540,7600000,3/4/2025 0:34
189,27,10,198600,0.1,993000,114825,263845,486192,726649,1007170,1289820,1635920,1968980,2328740,2800000,,,,,,,,,,,,,,,,3/4/2025 0:34
190,27,15,144200,0.1,721000,82857.9,190460,351210,525005,727768,931961,1182070,1422560,1682240,2007080,2313480,2644350,3001630,3387440,3900000,,,,,,,,,,,3/4/2025 0:34
191,27,20,118500,0.1,592500,67755.8,155791,287442,429743,595774,762897,967658,1164410,1376820,1642640,1893170,2163640,2455640,2770880,3172060,3544420,3946430,4380440,4849010,5450000,,,,,,3/4/2025 0:34
192,27,25,103500,0.1,517500,58941.3,135557,250222,374143,518734,664222,842515,1013740,1198560,1429940,1647850,1883070,2136960,2411020,2759990,3083610,3432930,3809990,4217010,4709500,5188040,5704600,6262190,6864080,7600000,3/4/2025 0:34
193,28,10,198600,0.1,993000,114790,263759,486048,726456,1006950,1289600,1635670,1968720,2328450,2800000,,,,,,,,,,,,,,,,3/4/2025 0:34
194,28,15,144300,0.1,721500,82890.9,190533,351354,525235,728127,932452,1182720,1423360,1683220,2008270,2314870,2645950,3003460,3389520,3900000,,,,,,,,,,,3/4/2025 0:34
195,28,20,118600,0.1,593000,67793.4,155875,287604,429997,596159,763417,968343,1165250,1377830,1643870,1894600,2165290,2457520,2773020,3174530,3547190,3949530,4383890,4852850,5450000,,,,,,3/4/2025 0:34
196,28,25,103500,0.1,517500,58922.8,135512,250147,374041,518622,664101,842384,1013600,1198410,1429770,1647670,1882870,2136760,2410800,2759750,3083340,3432640,3809690,4216680,4709140,5187650,5704180,6261740,6863590,7600000,3/4/2025 0:34
197,29,10,198600,0.1,993000,114761,263657,485870,726235,1006710,1289330,1635390,1968410,2328120,2800000,,,,,,,,,,,,,,,,3/4/2025 0:34
198,29,15,144300,0.1,721500,82870.4,190458,351224,525074,727950,932260,1182510,1423140,1682980,2008010,2314590,2645640,3003130,3389170,3900000,,,,,,,,,,,3/4/2025 0:34
199,29,20,118600,0.1,593000,67776.5,155814,287497,429865,596013,763259,968172,1165070,1377630,1643660,1894370,2165030,2457250,2772730,3174210,3546850,3949150,4383490,4852410,5450000,,,,,,3/4/2025 0:34
200,29,25,103500,0.1,517500,58908.1,135459,250054,373925,518494,663962,842235,1013440,1198230,1429580,1647470,1882650,2136520,2410540,2759470,3083040,3432320,3809330,4216300,4708730,5187210,5703700,6261220,6863030,7600000,3/4/2025 0:34
201,30,10,198600,0.1,993000,114719,263516,485667,725977,1006430,1289030,1635050,1968050,2327730,2800000,,,,,,,,,,,,,,,,3/4/2025 0:34
202,30,15,144300,0.1,721500,82839.5,190356,351077,524886,727743,932037,1182270,1422880,1682700,2007710,2314260,2645290,3002750,3388750,3900000,,,,,,,,,,,3/4/2025 0:34
203,30,20,118600,0.1,593000,67751.1,155730,287375,429710,595842,763074,967972,1164850,1377400,1643410,1894090,2164740,2456930,2772390,3173840,3546450,3948720,4383020,4851910,5450000,,,,,,3/4/2025 0:34
204,30,25,103500,0.1,517500,58885.9,135385,249948,373789,518344,663801,842060,1013250,1198030,1429360,1647230,1882400,2136240,2410240,2759140,3082690,3431940,3808920,4215860,4708250,5186690,5703140,6260610,6862370,7600000,3/4/2025 0:34
205,31,10,198700,0.1,993500,114721,263518,485704,726080,1006650,1289370,1635550,1968690,2328520,2800000,,,,,,,,,,,,,,,,3/4/2025 0:34
206,31,15,144300,0.1,721500,82798.3,190260,350923,524691,727529,931805,1182020,1422610,1682400,2007390,2313920,2644920,3002350,3388320,3900000,,,,,,,,,,,3/4/2025 0:34
207,31,20,118600,0.1,593000,67717.2,155650,287249,429550,595666,762883,967766,1164630,1377160,1643150,1893810,2164440,2456600,2772030,3173460,3546030,3948270,4382540,4851380,5450000,,,,,,3/4/2025 0:34
208,31,25,103500,0.1,517500,58856.4,135316,249837,373649,518189,663633,841880,1013050,1197820,1429130,1646980,1882130,2135950,2409930,2758800,3082320,3431540,3808500,4215400,4707750,5186150,5702560,6259990,6861700,7600000,3/4/2025 0:34
209,32,10,198700,0.1,993500,114678,263377,485483,725794,1006330,1289030,1635180,1968290,2328090,2800000,,,,,,,,,,,,,,,,3/4/2025 0:34
210,32,15,144300,0.1,721500,82767.4,190157,350762,524483,727299,931557,1181750,1422320,1682090,2007050,2313550,2644520,3001920,3387860,3900000,,,,,,,,,,,3/4/2025 0:34
211,32,20,118600,0.1,593000,67691.8,155566,287117,429378,595476,762678,967544,1164390,1376900,1642870,1893510,2164110,2456250,2771650,3173050,3545580,3947790,4382020,4850820,5450000,,,,,,3/4/2025 0:34
212,32,25,103500,0.1,517500,58834.2,135242,249722,373499,518023,663454,841685,1012840,1197590,1428890,1646720,1881840,2135640,2409590,2758440,3081930,3431120,3808040,4214900,4707220,5185580,5701930,6259310,6860970,7600000,3/4/2025 0:34
213,33,10,198700,0.1,993500,114622,263221,485229,725471,1005980,1288640,1634760,1967840,2327610,2800000,,,,,,,,,,,,,,,,3/4/2025 0:34
214,33,15,144300,0.1,721500,82726.2,190043,350578,524247,727040,931277,1181450,1421990,1681740,2006670,2313140,2644080,3001440,3387330,3900000,,,,,,,,,,,3/4/2025 0:34
215,33,20,118600,0.1,593000,67658,155472,286965,429184,595262,762447,967294,1164120,1376610,1642550,1893170,2163740,2455850,2771220,3172580,3545080,3947240,4381430,4850180,5450000,,,,,,3/4/2025 0:34
216,33,25,103500,0.1,517500,58804.6,135160,249589,373329,517836,663251,841466,1012610,1197330,1428610,1646420,1881520,2135290,2409220,2758040,3081490,3430640,3807530,4214340,4706620,5184920,5701230,6258550,6860140,7600000,3/4/2025 0:34
217,34,10,198800,0.1,994000,114624,263175,485197,725480,1006090,1288870,1635130,1968340,2328250,2800000,,,,,,,,,,,,,,,,3/4/2025 0:34
218,34,15,144400,0.1,722000,82743.7,190047,350621,524354,727263,931620,1181950,1422630,1682530,2007660,2314310,2645450,3003020,3389150,3900000,,,,,,,,,,,3/4/2025 0:34
219,34,20,118600,0.1,593000,67624.1,155365,286797,428967,595023,762189,967015,1163820,1376280,1642200,1892790,2163330,2455410,2770730,3172060,3544520,3946640,4380770,4849470,5450000,,,,,,3/4/2025 0:34
220,34,25,103600,0.1,518000,58833.7,135201,249690,373510,518139,663682,842055,1013340,1198230,1429720,1647720,1883030,2137020,2411190,2760320,3084070,3433530,3810750,4217930,4710650,5189390,5706160,6263980,6866110,7600000,3/4/2025 0:34
221,35,10,198800,0.1,994000,114553,262979,484883,725078,1005660,1288400,1634620,1967790,2327650,2800000,,,,,,,,,,,,,,,,3/4/2025 0:34
222,35,15,144400,0.1,722000,82692.2,189904,350393,524061,726943,931275,1181570,1422230,1682090,2007190,2313800,2644890,3002420,3388500,3900000,,,,,,,,,,,3/4/2025 0:34
223,35,20,118600,0.1,593000,67581.8,155248,286609,428726,594759,761904,966707,1163480,1375920,1641810,1892370,2162870,2454910,2770200,3171490,3543900,3945960,4380040,4848690,5450000,,,,,,3/4/2025 0:34
224,35,25,103600,0.1,518000,58796.7,135098,249525,373299,517908,663432,841785,1013050,1197920,1429380,1647350,1882630,2136590,2410730,2759820,3083530,3432940,3810120,4217250,4709910,5188580,5705290,6263040,6865100,7600000,3/4/2025 0:34
225,36,10,198900,0.1,994500,114540,262894,484782,725042,1005730,1288570,1634940,1968230,2328240,2800000,,,,,,,,,,,,,,,,3/4/2025 0:34
226,36,15,144400,0.1,722000,82640.6,189745,350140,523766,726621,930926,1181200,1421820,1681650,2006710,2313280,2644340,3001820,3387850,3900000,,,,,,,,,,,3/4/2025 0:34
227,36,20,118700,0.1,593500,67598,155251,286648,428852,595006,762273,967229,1164150,1376750,1642830,1893580,2164280,2456540,2772060,3173650,3546340,3948710,4383110,4852110,5450000,,,,,,3/4/2025 0:34
228,36,25,103600,0.1,518000,58759.7,134984,249343,373086,517676,663181,841513,1012760,1197600,1429030,1646980,1882230,2136160,2410260,2759320,3082980,3432350,3809480,4216560,4709160,5187780,5704420,6262100,6864080,7600000,3/4/2025 0:34
229,37,10,198900,0.1,994500,114455,262647,484463,724668,1005320,1288130,1634460,1967720,2327680,2800000,,,,,,,,,,,,,,,,3/4/2025 0:34
230,37,15,144400,0.1,722000,82578.8,189565,349908,523494,726323,930604,1180850,1421440,1681240,2006270,2312810,2643820,3001270,3387250,3900000,,,,,,,,,,,3/4/2025 0:34
231,37,20,118700,0.1,593500,67547.2,155103,286457,428628,594760,762007,966942,1163840,1376410,1642470,1893180,2163860,2456080,2771570,3173120,3545760,3948080,4382440,4851380,5450000,,,,,,3/4/2025 0:34
232,37,25,103600,0.1,518000,58715.3,134855,249177,372890,517461,662948,841262,1012490,1197310,1428720,1646630,1881860,2135760,2409830,2758850,3082470,3431810,3808890,4215920,4708470,5187030,5703610,6261230,6863140,7600000,3/4/2025 0:34
233,38,10,198900,0.1,994500,114363,262475,484227,724377,1005000,1287790,1634090,1967310,2327240,2800000,,,,,,,,,,,,,,,,3/4/2025 0:34
234,38,15,144500,0.1,722500,82570.3,189575,349983,523651,726603,931009,1181410,1422150,1682110,2007340,2314070,2645290,3002960,3389180,3900000,,,,,,,,,,,3/4/2025 0:34
235,38,20,118700,0.1,593500,67492.1,155000,286315,428454,594569,761801,966719,1163600,1376150,1642190,1892880,2163530,2455730,2771180,3172700,3545310,3947600,4381910,4850810,5450000,,,,,,3/4/2025 0:34
236,38,25,103600,0.1,518000,58667.3,134765,249053,372738,517294,662768,841067,1012280,1197080,1428470,1646370,1881570,2135450,2409490,2758480,3082080,3431380,3808430,4215420,4707930,5186450,5702980,6260550,6862400,7600000,3/4/2025 0:34
237,39,10,199000,0.1,995000,114379,262492,484286,724510,1005250,1288160,1634610,1967980,2328070,2800000,,,,,,,,,,,,,,,,3/4/2025 0:34
238,39,15,144500,0.1,722500,82539.4,189489,349846,523479,726410,930801,1181180,1421910,1681850,2007060,2313760,2644960,3002600,3388790,3900000,,,,,,,,,,,3/4/2025 0:34
239,39,20,118700,0.1,593500,67466.7,154930,286203,428312,594410,761629,966533,1163400,1375930,1641950,1892630,2163260,2455430,2770860,3172350,3544940,3947190,4381470,4850340,5450000,,,,,,3/4/2025 0:34
240,39,25,103600,0.1,518000,58645.1,134704,248955,372614,517154,662617,840904,1012100,1196890,1428270,1646150,1881330,2135190,2409210,2758180,3081750,3431030,3808040,4215000,4707480,5185970,5702460,6259980,6861790,7600000,3/4/2025 0:34
241,40,10,199000,0.1,995000,114336,262362,484086,724221,1004920,1287810,1634230,1967570,2327630,2800000,,,,,,,,,,,,,,,,3/4/2025 0:34
242,40,15,144500,0.1,722500,82508.4,189395,349701,523268,726173,930545,1180910,1421610,1681530,2006710,2313390,2644550,3002160,3388320,3900000,,,,,,,,,,,3/4/2025 0:34
243,40,20,118700,0.1,593500,67441.2,154853,286084,428139,594214,761417,966304,1163150,1375670,1641660,1892310,2162920,2455070,2770470,3171930,3544480,3946700,4380940,4849750,5450000,,,,,,3/4/2025 0:34
244,40,25,103600,0.1,518000,58622.9,134636,248850,372462,516982,662431,840703,1011880,1196660,1428010,1645870,1881030,2134870,2408860,2757810,3081350,3430590,3807570,4214500,4706930,5185370,5701810,6259280,6861040,7600000,3/4/2025 0:34
245,41,10,199000,0.1,995000,114287,262225,483810,723825,1004480,1287330,1633710,1967010,2327020,2800000,,,,,,,,,,,,,,,,3/4/2025 0:34
246,41,15,144500,0.1,722500,82472.3,189295,349500,522979,725848,930194,1180530,1421200,1681080,2006230,2312870,2643990,3001550,3387660,3900000,,,,,,,,,,,3/4/2025 0:34
247,41,20,118700,0.1,593500,67411.6,154771,285918,427900,593946,761127,965990,1162810,1375300,1641270,1891890,2162460,2454560,2769930,3171340,3543850,3946010,4380200,4848960,5450000,,,,,,3/4/2025 0:34
248,41,25,103600,0.1,518000,58597,134564,248706,372253,516747,662176,840428,1011590,1196330,1427660,1645500,1880630,2134430,2408390,2757290,3080790,3429990,3806920,4213790,4706180,5184550,5700930,6258330,6860010,7600000,3/4/2025 0:34
249,42,10,199100,0.1,995500,114295,262126,483633,723599,1004340,1287280,1633780,1967190,2327310,2800000,,,,,,,,,,,,,,,,3/4/2025 0:34
250,42,15,144600,0.1,723000,82494.6,189260,349438,522915,725881,930331,1180800,1421600,1681620,2006940,2313740,2645030,3002780,3389090,3900000,,,,,,,,,,,3/4/2025 0:34
251,42,20,118800,0.1,594000,67440.3,154765,285911,427912,594061,761354,966360,1163310,1375950,1642100,1892890,2163640,2455950,2771530,3173220,3545980,3948420,4382910,4851990,5450000,,,,,,3/4/2025 0:34
252,42,25,103700,0.1,518500,58629.4,134577,248730,372310,516911,662457,840854,1012150,1197050,1428570,1646570,1881890,2135900,2410080,2759280,3083040,3432520,3809770,4216970,4709760,5188530,5705330,6263190,6865370,7600000,3/4/2025 0:34
253,43,10,199200,0.1,996000,114247,261905,483256,723185,1003980,1286990,1633590,1967090,2327310,2800000,,,,,,,,,,,,,,,,3/4/2025 0:34
254,43,15,144600,0.1,723000,82417.1,189002,348985,522345,725244,929644,1180060,1420790,1680750,2006000,2312720,2643940,3001590,3387810,3900000,,,,,,,,,,,3/4/2025 0:34
255,43,20,118800,0.1,594000,67376.6,154553,285538,427442,593536,760787,965746,1162650,1375230,1641320,1892050,2162730,2454970,2770470,3172080,3544750,3947090,4381460,4850420,5450000,,,,,,3/4/2025 0:34
256,43,25,103700,0.1,518500,58573.9,134392,248404,371899,516451,661959,840316,1011570,1196420,1427890,1645840,1881100,2135050,2409160,2758280,3081960,3431350,3808500,4215600,4708280,5186930,5703610,6261320,6863350,7600000,3/4/2025 0:34
257,44,10,199300,0.1,996500,114163,261550,482784,722578,1003410,1286480,1633160,1966730,2327020,2800000,,,,,,,,,,,,,,,,3/4/2025 0:34
258,44,15,144700,0.1,723500,82372.1,188780,348708,522003,724966,929445,1179960,1420800,1680850,2006250,2313090,2644440,3002240,3388610,3900000,,,,,,,,,,,3/4/2025 0:34
259,44,20,118800,0.1,594000,67291.8,154261,285108,426858,592885,760083,964986,1161830,1374340,1640360,1891010,2161610,2453760,2769160,3170660,3543220,3945430,4379670,4848490,5450000,,,,,,3/4/2025 0:34
260,44,25,103700,0.1,518500,58499.8,134136,248029,371387,515880,661343,839650,1010850,1195640,1427050,1644930,1880120,2133980,2408010,2757040,3080620,3429900,3806930,4213910,4706450,5184950,5701470,6259010,6860850,7600000,3/4/2025 0:34
261,45,10,199400,0.1,997000,114022,261204,482166,721813,1002660,1285780,1632530,1966140,2326490,2800000,,,,,,,,,,,,,,,,3/4/2025 0:34
262,45,15,144700,0.1,723500,82227.5,188432,348080,521178,724049,928455,1178890,1419640,1679600,2004900,2311630,2642860,3000530,3386770,3900000,,,,,,,,,,,3/4/2025 0:34
263,45,20,118900,0.1,594500,67231.1,154108,284837,426545,592638,759919,964932,1161870,1374490,1640660,1891430,2162170,2454460,2770030,3171760,3544500,3946920,4381390,4850440,5450000,,,,,,3/4/2025 0:34
264,45,25,103800,0.1,519000,58454.2,134019,247823,371160,515727,661280,839706,1011010,1195920,1427480,1645500,1880840,2134870,2409060,2758330,3082120,3431630,3808900,4216140,4709020,5187830,5704680,6262590,6864810,7600000,3/4/2025 0:34
265,46,10,199600,0.1,998000,113982,260820,481607,721190,1002170,1285460,1632430,1966240,2326800,2800000,,,,,,,,,,,,,,,,3/4/2025 0:34
266,46,15,144800,0.1,724000,82171.9,188093,347563,520557,723460,927921,1178440,1419250,1679290,2004690,2311510,2642830,3000600,3386950,3900000,,,,,,,,,,,3/4/2025 0:34
267,46,20,119000,0.1,595000,67195.7,153853,284454,426099,592241,759593,964702,1161730,1374440,1640730,1891620,2162470,2454890,2770590,3172520,3545430,3948030,4382680,4851950,5450000,,,,,,3/4/2025 0:34
268,46,25,103800,0.1,519000,58372.6,133681,247274,370449,514934,660422,838778,1010010,1194830,1426310,1644240,1879470,2133390,2407470,2756600,3080250,3429610,3806720,4213780,4706470,5185070,5701700,6259370,6861330,7600000,3/4/2025 0:34
269,47,10,199800,0.1,999000,113812,260295,480858,720319,1001420,1284840,1632010,1965990,2326740,2800000,,,,,,,,,,,,,,,,3/4/2025 0:34
270,47,15,144900,0.1,724500,82022.9,187652,346908,519757,722675,927175,1177760,1418620,1678700,2004190,2311070,2642460,3000310,3386730,3900000,,,,,,,,,,,3/4/2025 0:34
271,47,20,119000,0.1,595000,67025.7,153382,283714,425139,591174,758440,963455,1160380,1372980,1639160,1889920,2160630,2452900,2768440,3170200,3542920,3945310,4379750,4848780,5450000,,,,,,3/4/2025 0:34
272,47,25,103900,0.1,519500,58282.1,133401,246872,369975,514508,660065,838515,1009830,1194740,1426340,1644370,1879720,2133760,2407970,2757310,3081120,3430650,3807940,4215200,4708160,5187000,5703890,6261840,6864110,7600000,3/4/2025 0:34
273,48,10,200000,0.1,1000000,113642,259720,479983,719323,1000500,1284060,1631410,1965550,2326460,2800000,,,,,,,,,,,,,,,,3/4/2025 0:34
274,48,15,145100,0.1,725500,81931.4,187307,346405,519231,722281,926954,1177760,1418830,1679140,2004930,2312080,2643750,3001910,3388660,3900000,,,,,,,,,,,3/4/2025 0:34
275,48,20,119100,0.1,595500,66913.3,153013,283144,424470,590520,757834,962924,1159910,1372570,1638850,1889690,2160490,2452850,2768490,3170400,3543240,3945770,4380340,4849520,5450000,,,,,,3/4/2025 0:34
276,48,25,103900,0.1,519500,58133.6,132964,246160,369071,513490,658964,837326,1008540,1193350,1424840,1642750,1877970,2131860,2405920,2755090,3078720,3428060,3805140,4212180,4704890,5183470,5700070,6257710,6859640,7600000,3/4/2025 0:34
277,49,10,200200,0.1,1001000,113443,259015,478990,718045,999273,1282940,1630440,1964710,2325760,2800000,,,,,,,,,,,,,,,,3/4/2025 0:34
278,49,15,145200,0.1,726000,81760.8,186735,345573,518135,721153,925838,1176680,1417760,1678090,2003930,2311100,2642790,3000980,3387760,3900000,,,,,,,,,,,3/4/2025 0:34
279,49,20,119200,0.1,596000,66783.6,152566,282503,423632,589679,757028,962176,1159200,1371910,1638270,1889160,2160020,2452450,2768160,3170200,3543120,3945740,4380420,4849710,5450000,,,,,,3/4/2025 0:34
280,49,25,104000,0.1,520000,58027.7,132591,245631,368384,512816,658339,836773,1008050,1192920,1424510,1642490,1877790,2131780,2405930,2755250,3079000,3428460,3805680,4212860,4705780,5184540,5701330,6259170,6861330,7600000,3/4/2025 0:34
281,50,10,200500,0.1,1002500,113244,258411,477942,716816,998196,1282080,1629890,1964420,2325750,2800000,,,,,,,,,,,,,,,,3/4/2025 0:34
282,50,15,145300,0.1,726500,81548.3,186142,344526,516811,719769,924444,1175300,1416370,1676680,2002540,2309700,2641390,2999560,3386330,3900000,,,,,,,,,,,3/4/2025 0:34
283,50,20,119300,0.1,596500,66619.3,152103,281685,422606,588625,755992,961180,1158230,1370960,1637380,1888300,2159190,2451660,2767400,3169530,3542510,3945180,4379920,4849270,5450000,,,,,,3/4/2025 0:34
284,50,25,104100,0.1,520500,57891.6,132203,244947,367533,511957,657513,836003,1007320,1192230,1423900,1641940,1877290,2131340,2405560,2755010,3078840,3428390,3805710,4213000,4706080,5184960,5701890,6259880,6862200,7600000,3/4/2025 0:34
285,51,10,200800,0.1,1004000,113064,257463,476539,715146,996623,1280690,1628750,1963500,2325070,2800000,,,,,,,,,,,,,,,,3/4/2025 0:34
286,51,15,145500,0.1,727500,81408.2,185431,343464,515532,718530,923310,1174320,1415510,1675970,2002030,2309360,2641220,2999590,3386570,3900000,,,,,,,,,,,3/4/2025 0:34
287,51,20,119400,0.1,597000,66467.5,151434,280657,421320,587277,754638,959839,1156880,1369610,1636050,1886960,2157860,2450310,2766050,3168230,3541200,3943870,4378600,4847950,5450000,,,,,,3/4/2025 0:34
288,51,25,104200,0.1,521000,57766.4,131636,244079,366453,510839,656407,834931,1006260,1191190,1422910,1640970,1876350,2130430,2404680,2754210,3078070,3427670,3805030,4212360,4705550,5184490,5701480,6259540,6861930,7600000,3/4/2025 0:34
289,52,10,201200,0.1,1006000,112725,256438,475065,713442,995105,1279460,1627910,1963000,2324950,2800000,,,,,,,,,,,,,,,,3/4/2025 0:34
290,52,15,145700,0.1,728500,81110.8,184572,342178,513968,716966,921825,1172960,1414250,1674810,2001050,2308500,2640500,2999010,3386150,3900000,,,,,,,,,,,3/4/2025 0:34
291,52,20,119600,0.1,598000,66243.8,150775,279685,420161,586166,753641,959008,1156190,1369070,1635730,1886820,2157910,2450580,2766540,3169070,3542310,3945280,4380330,4850020,5450000,,,,,,3/4/2025 0:34
292,52,25,104300,0.1,521500,57528.6,130963,243051,365170,509489,655051,833588,1004910,1189840,1421580,1639640,1875010,2129080,2403320,2752900,3076760,3426350,3803710,4211040,4704270,5183210,5700200,6258260,6860650,7600000,3/4/2025 0:34
293,53,10,201600,0.1,1008000,112404,255319,473399,711476,993280,1277900,1626720,1962120,2324400,2800000,,,,,,,,,,,,,,,,3/4/2025 0:34
294,53,15,145900,0.1,729500,80827.8,183644,340754,512215,715183,920103,1171340,1412710,1673350,1999740,2307290,2639400,2998020,3385280,3900000,,,,,,,,,,,3/4/2025 0:34
295,53,20,119700,0.1,598500,65975,149930,278361,418487,584372,751806,957147,1154280,1367100,1633740,1884780,2155800,2448400,2764290,3166790,3539950,3942830,4377790,4847380,5450000,,,,,,3/4/2025 0:34
296,53,25,104400,0.1,522000,57301.4,130242,241925,363753,507983,653525,832062,1003360,1188270,1420020,1638050,1873400,2127440,2401650,2751250,3075080,3424630,3801950,4209250,4702490,5181390,5698340,6256350,6858680,7600000,3/4/2025 0:34
297,54,10,202100,0.1,1010500,112073,254136,471679,709496,991528,1276520,1625840,1961690,2324450,2800000,,,,,,,,,,,,,,,,3/4/2025 0:34
298,54,15,146200,0.1,731000,80552.8,182708,339359,510554,713592,918692,1170190,1411770,1672640,1999370,2307200,2639610,2998560,3386170,3900000,,,,,,,,,,,3/4/2025 0:34
299,54,20,119900,0.1,599500,65723.2,149102,277104,416955,582828,750342,955812,1153040,1365970,1632790,1883950,2155110,2447860,2763910,3166690,3540050,3943140,4378320,4848160,5450000,,,,,,3/4/2025 0:34
300,54,25,104600,0.1,523000,57096.1,129552,240888,362504,506756,652404,831098,1002530,1187570,1419530,1637730,1873250,2127490,2401910,2751830,3075920,3425750,3803360,4210970,4704670,5183950,5701300,6259760,6862580,7600000,3/4/2025 0:34
301,55,10,202500,0.1,1012500,111616,252643,469447,706813,988874,1274060,1623680,1959760,2322780,2800000,,,,,,,,,,,,,,,,3/4/2025 0:34
302,55,15,146500,0.1,732500,80228.3,181639,337764,508641,711708,916963,1168690,1410460,1671530,1998570,2306640,2639320,2998550,3386470,3900000,,,,,,,,,,,3/4/2025 0:34
303,55,20,120100,0.1,600500,65431.2,148166,275686,415217,581044,748619,954196,1151500,1364510,1631480,1882740,2154010,2446870,2763050,3166060,3539580,3942830,4378200,4848230,5450000,,,,,,3/4/2025 0:34
304,55,25,104700,0.1,523500,56799.5,128640,239473,360720,504824,650419,829074,1000440,1185420,1417340,1635460,1870910,2125060,2399380,2749260,3073240,3422950,3800440,4207920,4701520,5180650,5697840,6256120,6858750,7600000,3/4/2025 0:34
305,18,10,198400,0.13,992000,118075,274954,511920,775070,1088240,1414850,1819150,2225970,2677430,3241230,,,,,,,,,,,,,,,,3/4/2025 0:34
306,18,15,144200,0.13,721000,85297.7,198699,370195,560591,787199,1023400,1315880,1609970,1936270,2343940,2750660,3201960,3702710,4258350,4950970,,,,,,,,,,,3/4/2025 0:34
307,18,20,118500,0.13,592500,69755.8,162541,302993,458892,644453,837790,1077250,1317890,1584840,1918470,2251120,2620160,3029580,3483810,4050270,4616310,5244340,5941180,6714360,7634790,,,,,,3/4/2025 0:34
308,18,25,103400,0.13,517000,60624.2,141297,263509,399139,560582,728734,937036,1146280,1378350,1668480,1957610,2278330,2634090,3028740,3521070,4012760,4558240,5163410,5834820,6634270,7466770,8390450,9415320,10552500,11868800,3/4/2025 0:34
309,19,10,198400,0.13,992000,118075,274906,511842,774971,1088130,1414730,1819010,2225820,2677260,3241050,,,,,,,,,,,,,,,,3/4/2025 0:34
310,19,15,144200,0.13,721000,85297.7,198664,370138,560519,787119,1023310,1315780,1609860,1936150,2343800,2750510,3201790,3702520,4258150,4950740,,,,,,,,,,,3/4/2025 0:34
311,19,20,118500,0.13,592500,69755.8,162513,302946,458832,644387,837717,1077160,1317800,1584730,1918350,2250990,2620020,3029430,3483640,4050080,4616100,5244110,5940920,6714080,7634470,,,,,,3/4/2025 0:34
312,19,25,103400,0.13,517000,60624.2,141272,263468,399087,560524,728669,936965,1146200,1378260,1668380,1957500,2278210,2633950,3028590,3520900,4012580,4558040,5163190,5834570,6633990,7466460,8390110,9414940,10552100,11868400,3/4/2025 0:34
313,20,10,198400,0.13,992000,118046,274838,511742,774843,1087990,1414570,1818830,2225620,2677050,3240810,,,,,,,,,,,,,,,,3/4/2025 0:34
314,20,15,144200,0.13,721000,85276.8,198615,370065,560426,787015,1023200,1315650,1609720,1935990,2343630,2750320,3201570,3702290,4257880,4950450,,,,,,,,,,,3/4/2025 0:34
315,20,20,118500,0.13,592500,69738.6,162472,302886,458756,644301,837622,1077060,1317680,1584600,1918210,2250830,2619840,3029230,3483430,4049840,4615830,5243810,5940580,6713710,7634060,,,,,,3/4/2025 0:34
316,20,25,103500,0.13,517500,60669.7,141378,263677,399415,561005,729308,937801,1147230,1379520,1669910,1959310,2280310,2636400,3031410,3524190,4016340,4562320,5168050,5840070,6640260,7473520,8398060,9423870,10562100,11879700,3/4/2025 0:34
317,21,10,198500,0.13,992500,118085,274919,511904,775116,1088410,1415140,1819590,2226570,2678210,3242230,,,,,,,,,,,,,,,,3/4/2025 0:34
318,21,15,144200,0.13,721000,85261.2,198572,369993,560336,786916,1023090,1315530,1609590,1935840,2343460,2750130,3201370,3702050,4257630,4950160,,,,,,,,,,,3/4/2025 0:34
319,21,20,118500,0.13,592500,69725.8,162437,302827,458682,644219,837531,1076960,1317570,1584480,1918070,2250680,2619670,3029040,3483210,4049610,4615570,5243520,5940260,6713350,7633670,,,,,,3/4/2025 0:34
320,21,25,103500,0.13,517500,60658.4,141346,263625,399350,560933,729228,937712,1147130,1379410,1669790,1959170,2280160,2636230,3031220,3523990,4016110,4562070,5167770,5839760,6639910,7473140,8397630,9423400,10561600,11879100,3/4/2025 0:34
321,22,10,198500,0.13,992500,118064,274848,511799,774983,1088260,1414980,1819410,2226370,2677980,3241980,,,,,,,,,,,,,,,,3/4/2025 0:34
322,22,15,144200,0.13,721000,85245.6,198520,369917,560239,786808,1022970,1315400,1609440,1935680,2343280,2749930,3201140,3701810,4257350,4949860,,,,,,,,,,,3/4/2025 0:34
323,22,20,118500,0.13,592500,69713,162394,302764,458602,644130,837432,1076850,1317450,1584350,1917920,2250510,2619490,3028840,3482990,4049350,4615290,5243210,5939920,6712970,7633240,,,,,,3/4/2025 0:34
324,22,25,103500,0.13,517500,60647.2,141309,263570,399280,560855,729142,937617,1147030,1379290,1669660,1959020,2280000,2636050,3031020,3523770,4015860,4561790,5167460,5839420,6639540,7472720,8397170,9422890,10561000,11878400,3/4/2025 0:34
325,23,10,198500,0.13,992500,118035,274780,511691,774850,1088110,1414810,1819230,2226160,2677760,3241730,,,,,,,,,,,,,,,,3/4/2025 0:34
326,23,15,144200,0.13,721000,85224.7,198471,369838,560142,786700,1022850,1315260,1609290,1935510,2343090,2749730,3200920,3701560,4257070,4949550,,,,,,,,,,,3/4/2025 0:34
327,23,20,118500,0.13,592500,69695.8,162354,302700,458522,644042,837334,1076740,1317330,1584210,1917770,2250350,2619300,3028630,3482760,4049100,4615010,5242900,5939570,6712580,7632810,,,,,,3/4/2025 0:34
328,23,25,103500,0.13,517500,60632.2,141274,263514,399210,560778,729056,937521,1146920,1379170,1669530,1958880,2279840,2635870,3030820,3523540,4015620,4561520,5167160,5839090,6639160,7472310,8396710,9422380,10560400,11877800,3/4/2025 0:34
329,24,10,198500,0.13,992500,118013,274709,511587,774712,1087960,1414640,1819040,2225960,2677530,3241480,,,,,,,,,,,,,,,,3/4/2025 0:34
330,24,15,144200,0.13,721000,85209.1,198419,369762,560042,786589,1022730,1315130,1609140,1935340,2342910,2749520,3200690,3701300,4256790,4949230,,,,,,,,,,,3/4/2025 0:34
331,24,20,118500,0.13,592500,69683,162311,302637,458439,643950,837232,1076620,1317200,1584070,1917620,2250180,2619110,3028420,3482520,4048840,4614720,5242570,5939210,6712180,7632370,,,,,,3/4/2025 0:34
332,24,25,103500,0.13,517500,60621,141236,263459,399138,560697,728967,937422,1146810,1379050,1669390,1958730,2279670,2635690,3030620,3523320,4015360,4561240,5166850,5838740,6638780,7471880,8396230,9421850,10559800,11877200,3/4/2025 0:34
333,25,10,198500,0.13,992500,117985,274641,511470,774562,1087790,1414460,1818830,2225730,2677270,3241190,,,,,,,,,,,,,,,,3/4/2025 0:34
334,25,15,144200,0.13,721000,85188.3,198369,369677,559932,786467,1022590,1314980,1608970,1935160,2342700,2749290,3200430,3701020,4256470,4948880,,,,,,,,,,,3/4/2025 0:34
335,25,20,118500,0.13,592500,69665.8,162270,302567,458349,643849,837120,1076500,1317060,1583920,1917450,2249990,2618900,3028190,3482260,4048550,4614400,5242220,5938820,6711750,7631890,,,,,,3/4/2025 0:34
336,25,25,103500,0.13,517500,60606.1,141201,263398,399059,560609,728869,937313,1146690,1378910,1669240,1958560,2279490,2635480,3030390,3523060,4015080,4560930,5166500,5838360,6638350,7471410,8395710,9421270,10559200,11876400,3/4/2025 0:34
337,26,10,198500,0.13,992500,117963,274557,511336,774395,1087610,1414250,1818610,2225470,2676990,3240880,,,,,,,,,,,,,,,,3/4/2025 0:34
338,26,15,144200,0.13,721000,85172.6,198309,369579,559811,786332,1022440,1314810,1608790,1934950,2342470,2749040,3200150,3700710,4256130,4948500,,,,,,,,,,,3/4/2025 0:34
339,26,20,118500,0.13,592500,69653,162220,302487,458249,643738,836997,1076360,1316910,1583750,1917260,2249780,2618670,3027930,3481980,4048240,4614050,5241830,5938390,6711270,7631350,,,,,,3/4/2025 0:34
340,26,25,103500,0.13,517500,60594.8,141157,263327,398972,560512,728761,937193,1146560,1378770,1669080,1958380,2279290,2635260,3030140,3522790,4014780,4560590,5166120,5837940,6637890,7470890,8395130,9420630,10558500,11875600,3/4/2025 0:34
341,27,10,198600,0.13,993000,117988,274598,511453,774605,1087960,1414750,1819280,2226330,2678040,3242190,,,,,,,,,,,,,,,,3/4/2025 0:34
342,27,15,144200,0.13,721000,85146.6,198236,369475,559676,786182,1022270,1314620,1608580,1934720,2342220,2748760,3199840,3700360,4255740,4948070,,,,,,,,,,,3/4/2025 0:34
343,27,20,118500,0.13,592500,69631.6,162161,302400,458138,643614,836859,1076210,1316740,1583560,1917050,2249550,2618410,3027640,3481660,4047880,4613650,5241390,5937900,6710730,7630760,,,,,,3/4/2025 0:34
344,27,25,103500,0.13,517500,60576.1,141105,263252,398874,560404,728640,937059,1146410,1378600,1668900,1958180,2279060,2635010,3029860,3522480,4014430,4560210,5165700,5837470,6637360,7470310,8394490,9419910,10557700,11874800,3/4/2025 0:34
345,28,10,198600,0.13,993000,117952,274511,511306,774407,1087740,1414500,1819010,2226030,2677710,3241820,,,,,,,,,,,,,,,,3/4/2025 0:34
346,28,15,144300,0.13,721500,85180.9,198313,369629,559927,786576,1022820,1315350,1609500,1935850,2343600,2750400,3201770,3702610,4258340,4951120,,,,,,,,,,,3/4/2025 0:34
347,28,20,118600,0.13,593000,69670.5,162249,302573,458414,644037,837434,1076980,1317700,1584730,1918480,2251240,2620400,3029960,3484340,4051010,4617230,5245470,5942540,6715980,7636740,,,,,,3/4/2025 0:34
348,28,25,103500,0.13,517500,60557.4,141059,263175,398770,560288,728512,936917,1146250,1378430,1668700,1957960,2278820,2634740,3029570,3522150,4014070,4559800,5165250,5836970,6636810,7469690,8393800,9419150,10556900,11873800,3/4/2025 0:34
349,29,10,198600,0.13,993000,117923,274407,511124,774180,1087490,1414220,1818700,2225680,2677330,3241390,,,,,,,,,,,,,,,,3/4/2025 0:34
350,29,15,144300,0.13,721500,85160,198238,369496,559761,786392,1022610,1315130,1609240,1935570,2343290,2750050,3201390,3702180,4257870,4950590,,,,,,,,,,,3/4/2025 0:34
351,29,20,118600,0.13,593000,69653.4,162187,302464,458277,643885,837265,1076790,1317490,1584500,1918220,2250960,2620090,3029610,3483950,4050580,4616750,5244940,5941940,6715320,7636010,,,,,,3/4/2025 0:34
352,29,25,103500,0.13,517500,60542.4,141005,263080,398651,560155,728364,936753,1146070,1378220,1668480,1957710,2278540,2634440,3029230,3521770,4013650,4559330,5164730,5836390,6636170,7468980,8393020,9418280,10555900,11872800,3/4/2025 0:34
353,30,10,198600,0.13,993000,117880,274264,510915,773913,1087190,1413890,1818330,2225270,2676880,3240890,,,,,,,,,,,,,,,,3/4/2025 0:34
354,30,15,144300,0.13,721500,85128.7,198133,369344,559567,786176,1022370,1314860,1608950,1935240,2342930,2749650,3200940,3701680,4257320,4949980,,,,,,,,,,,3/4/2025 0:34
355,30,20,118600,0.13,593000,69627.6,162101,302339,458117,643707,837067,1076570,1317240,1584220,1917920,2250620,2619720,3029190,3483490,4050070,4616190,5244310,5941250,6714550,7635160,,,,,,3/4/2025 0:34
356,30,25,103500,0.13,517500,60520,140930,262970,398511,559999,728191,936561,1145850,1377990,1668210,1957420,2278220,2634080,3028830,3521330,4013150,4558780,5164120,5835720,6635420,7468150,8392090,9417250,10554700,11871500,3/4/2025 0:34
357,31,10,198700,0.13,993500,117883,274268,510958,774032,1087440,1414270,1818880,2225990,2677780,3242030,,,,,,,,,,,,,,,,3/4/2025 0:34
358,31,15,144300,0.13,721500,85087,198035,369186,559366,785952,1022120,1314590,1608640,1934900,2342550,2749230,3200470,3701160,4256740,4949340,,,,,,,,,,,3/4/2025 0:34
359,31,20,118600,0.13,593000,69593.3,162020,302209,457952,643523,836863,1076340,1316990,1583940,1917610,2250280,2619330,3028770,3483020,4049540,4615600,5243660,5940530,6713750,7634270,,,,,,3/4/2025 0:34
360,31,25,103500,0.13,517500,60490,140859,262857,398366,559838,728012,936362,1145630,1377740,1667940,1957120,2277880,2633700,3028410,3520870,4012640,4558220,5163490,5835020,6634650,7467290,8391140,9416190,10553600,11870200,3/4/2025 0:34
361,32,10,198700,0.13,993500,117840,274125,510732,773738,1087110,1413910,1818480,2225540,2677280,3241480,,,,,,,,,,,,,,,,3/4/2025 0:34
362,32,15,144300,0.13,721500,85055.7,197930,369021,559151,785714,1021860,1314290,1608320,1934540,2342150,2748780,3199970,3700610,4256130,4948660,,,,,,,,,,,3/4/2025 0:34
363,32,20,118600,0.13,593000,69567.6,161934,302073,457775,643326,836645,1076100,1316720,1583650,1917280,2249910,2618920,3028310,3482510,4048980,4614980,5242970,5939760,6712900,7633320,,,,,,3/4/2025 0:34
364,32,25,103500,0.13,517500,60467.6,140784,262738,398211,559666,727822,936150,1145400,1377480,1667650,1956800,2277530,2633310,3027970,3520380,4012100,4557610,5162820,5834270,6633820,7466370,8390120,9415060,10552300,11868800,3/4/2025 0:34
365,33,10,198700,0.13,993500,117782,273965,510472,773406,1086740,1413500,1818020,2225040,2676720,3240850,,,,,,,,,,,,,,,,3/4/2025 0:34
366,33,15,144300,0.13,721500,85014,197814,368832,558909,785445,1021560,1313960,1607950,1934130,2341690,2748280,3199410,3699990,4255440,4947890,,,,,,,,,,,3/4/2025 0:34
367,33,20,118600,0.13,593000,69533.3,161839,301917,457575,643104,836398,1075830,1316420,1583310,1916910,2249490,2618460,3027800,3481940,4048350,4614280,5242190,5938900,6711940,7632260,,,,,,3/4/2025 0:34
368,33,25,103500,0.13,517500,60437.6,140701,262602,398037,559472,727606,935910,1145130,1377180,1667320,1956430,2277120,2632860,3027470,3519820,4011480,4556930,5162060,5833430,6632880,7465330,8388960,9413780,10550900,11867200,3/4/2025 0:34
369,34,10,198800,0.13,994000,117785,273922,510445,773429,1086880,1413760,1818440,2225610,2677450,3241810,,,,,,,,,,,,,,,,3/4/2025 0:34
370,34,15,144400,0.13,722000,85032.5,197821,368883,559033,785698,1021950,1314510,1608670,1935030,2342840,2749650,3201050,3701910,4257680,4950540,,,,,,,,,,,3/4/2025 0:34
371,34,20,118600,0.13,593000,69499,161729,301745,457352,642856,836122,1075520,1316080,1582930,1916490,2249030,2617940,3027230,3481300,4047640,4613490,5241320,5937930,6710860,7631060,,,,,,3/4/2025 0:34
372,34,25,103600,0.13,518000,60467.9,140745,262712,398236,559808,728085,936569,1145970,1378220,1668610,1957960,2278930,2634970,3029930,3522700,4014790,4560710,5166360,5838310,6638460,7471630,8396060,9421760,10559900,11877300,3/4/2025 0:34
373,35,10,198800,0.13,994000,117713,273722,510123,773015,1086420,1413250,1817870,2224980,2676750,3241030,,,,,,,,,,,,,,,,3/4/2025 0:34
374,35,15,144400,0.13,722000,84980.3,197676,368649,558731,785362,1021570,1314100,1608210,1934520,2342270,2749030,3200350,3701140,4256820,4949580,,,,,,,,,,,3/4/2025 0:34
375,35,20,118600,0.13,593000,69456.1,161610,301552,457104,642579,835816,1075180,1315700,1582510,1916020,2248510,2617370,3026590,3480600,4046860,4612620,5240350,5936850,6709670,7629730,,,,,,3/4/2025 0:34
376,35,25,103600,0.13,518000,60430.4,140641,262543,398018,559566,727816,936271,1145640,1377850,1668200,1957510,2278430,2634410,3029300,3522020,4014020,4559860,5165420,5837260,6637290,7470340,8394620,9420170,10558100,11875400,3/4/2025 0:34
377,36,10,198900,0.13,994500,117702,273638,510025,772985,1086500,1413450,1818220,2225470,2677400,3241890,,,,,,,,,,,,,,,,3/4/2025 0:34
378,36,15,144400,0.13,722000,84928.1,197513,368389,558423,785019,1021190,1313680,1607740,1934000,2341690,2748380,3199640,3700340,4255940,4948600,,,,,,,,,,,3/4/2025 0:34
379,36,20,118700,0.13,593500,69473.4,161616,301598,457244,642850,836222,1075760,1316450,1583450,1917200,2249920,2619040,3028550,3482880,4049550,4615720,5243900,5940890,6714260,7634990,,,,,,3/4/2025 0:34
380,36,25,103600,0.13,518000,60392.9,140524,262356,397796,559319,727542,935966,1145300,1377480,1667780,1957050,2277910,2633840,3028670,3521310,4013240,4558990,5164460,5836190,6636110,7469020,8393160,9418540,10556300,11873400,3/4/2025 0:34
381,37,10,198900,0.13,994500,117615,273387,509695,772592,1086070,1412960,1817680,2224870,2676740,3241150,,,,,,,,,,,,,,,,3/4/2025 0:34
382,37,15,144400,0.13,722000,84865.4,197330,368148,558136,784701,1020840,1313290,1607310,1933520,2341160,2747790,3198970,3699610,4255120,4947700,,,,,,,,,,,3/4/2025 0:34
383,37,20,118700,0.13,593500,69421.8,161465,301401,457008,642588,835931,1075430,1316090,1583050,1916750,2249430,2618500,3027940,3482210,4048800,4614890,5242970,5939870,6713120,7633730,,,,,,3/4/2025 0:34
384,37,25,103600,0.13,518000,60348,140393,262183,397590,559090,727288,935684,1144980,1377130,1667400,1956620,2277440,2633310,3028080,3520660,4012520,4558180,5163560,5835200,6635000,7467790,8391800,9417030,10554600,11871500,3/4/2025 0:34
385,38,10,198900,0.13,994500,117522,273211,509449,772288,1085730,1412590,1817260,2224400,2676220,3240580,,,,,,,,,,,,,,,,3/4/2025 0:34
386,38,15,144500,0.13,722500,84857.6,197342,368229,558308,785008,1021290,1313910,1608100,1934510,2342390,2749260,3200720,3701650,4257500,4950490,,,,,,,,,,,3/4/2025 0:34
387,38,20,118700,0.13,593500,69366,161360,301254,456826,642386,835706,1075180,1315810,1582740,1916410,2249050,2618070,3027480,3481690,4048230,4614250,5242260,5939080,6712250,7632760,,,,,,3/4/2025 0:34
388,38,25,103600,0.13,518000,60299.2,140301,262055,397431,558913,727091,935465,1144740,1376860,1667100,1956290,2277070,2632900,3027630,3520150,4011960,4557560,5162870,5834430,6634150,7466850,8390750,9415860,10553300,11870100,3/4/2025 0:34
389,39,10,199000,0.13,995000,117539,273230,509517,772437,1086010,1413010,1817850,2225160,2677180,3241770,,,,,,,,,,,,,,,,3/4/2025 0:34
390,39,15,144500,0.13,722500,84826.3,197255,368090,558131,784810,1021070,1313660,1607830,1934210,2342060,2748890,3200310,3701200,4256990,4949930,,,,,,,,,,,3/4/2025 0:34
391,39,20,118700,0.13,593500,69340.3,161288,301139,456679,642222,835524,1074980,1315590,1582490,1916140,2248740,2617730,3027100,3481270,4047760,4613730,5241690,5938440,6711540,7631970,,,,,,3/4/2025 0:34
392,39,25,103600,0.13,518000,60276.8,140238,261954,397303,558770,726932,935289,1144550,1376640,1666860,1956020,2276770,2632570,3027260,3519750,4011500,4557060,5162310,5833810,6633460,7466080,8389900,9414920,10552300,11868900,3/4/2025 0:34
393,40,10,199000,0.13,995000,117496,273098,509311,772143,1085680,1412640,1817450,2224720,2676680,3241220,,,,,,,,,,,,,,,,3/4/2025 0:34
394,40,15,144500,0.13,722500,84794.9,197159,367940,557917,784571,1020800,1313370,1607500,1933850,2341650,2748450,3199810,3700640,4256380,4949250,,,,,,,,,,,3/4/2025 0:34
395,40,20,118700,0.13,593500,69314.5,161209,301016,456503,642026,835306,1074740,1315320,1582190,1915800,2248370,2617320,3026640,3480760,4047200,4613110,5241000,5937670,6710690,7631030,,,,,,3/4/2025 0:34
396,40,25,103600,0.13,518000,60254.3,140169,261847,397148,558598,726741,935077,1144310,1376380,1666570,1955700,2276410,2632170,3026820,3519260,4010960,4556450,5161640,5833060,6632640,7465160,8388880,9413790,10551000,11867500,3/4/2025 0:34
397,41,10,199000,0.13,995000,117445,272958,509030,771744,1085240,1412150,1816900,2224110,2676000,3240470,,,,,,,,,,,,,,,,3/4/2025 0:34
398,41,15,144500,0.13,722500,84758.3,197057,367735,557625,784246,1020440,1312970,1607060,1933350,2341110,2747840,3199130,3699890,4255540,4948320,,,,,,,,,,,3/4/2025 0:34
399,41,20,118700,0.13,593500,69284.4,161126,300847,456263,641757,835008,1074410,1314950,1581780,1915350,2247870,2616770,3026020,3480080,4046440,4612260,5240060,5936630,6709530,7629740,,,,,,3/4/2025 0:34
400,41,25,103600,0.13,518000,60228,140096,261699,396938,558363,726480,934787,1143990,1376020,1666170,1955260,2275920,2631630,3026220,3518590,4010220,4555630,5160720,5832050,6631500,7463910,8387490,9412240,10549300,11865600,3/4/2025 0:34
401,42,10,199100,0.13,995500,117455,272861,508859,771536,1085120,1412120,1817000,2224330,2676350,3240990,,,,,,,,,,,,,,,,3/4/2025 0:34
402,42,15,144600,0.13,723000,84781.7,197024,367681,557580,784310,1020620,1313290,1607520,1933970,2341930,2748860,3200380,3701380,4257300,4950430,,,,,,,,,,,3/4/2025 0:34
403,42,20,118800,0.13,594000,69314.3,161124,300848,456294,641907,835280,1074840,1315530,1582540,1916320,2249060,2618190,3027710,3482050,4048780,4614970,5243180,5940200,6713590,7634410,,,,,,3/4/2025 0:34
404,42,25,103700,0.13,518500,60261.7,140112,261733,397015,558563,726807,935277,1144640,1376850,1667230,1956530,2277450,2633430,3028320,3521080,4013090,4558920,5164490,5836330,6636420,7469470,8393770,9419330,10557300,11874600,3/4/2025 0:34
405,43,10,199200,0.13,996000,117407,272640,508481,771123,1084780,1411850,1816820,2224230,2676350,3241130,,,,,,,,,,,,,,,,3/4/2025 0:34
406,43,15,144600,0.13,723000,84703.3,196762,367218,556993,783657,1019890,1312490,1606630,1932980,2340830,2747640,3199020,3699870,4255620,4948570,,,,,,,,,,,3/4/2025 0:34
407,43,20,118800,0.13,594000,69249.9,160908,300467,455811,641369,834682,1074170,1314800,1581720,1915410,2248050,2617060,3026460,3480670,4047250,4613270,5241280,5938100,6711260,7631820,,,,,,3/4/2025 0:34
408,43,25,103700,0.13,518500,60205.4,139924,261400,396592,558091,726284,934696,1143990,1376130,1666430,1955650,2276460,2632340,3027110,3519730,4011600,4557270,5162650,5834290,6634150,7466950,8390970,9416220,10553800,11870800,3/4/2025 0:34
409,44,10,199300,0.13,996500,117323,272282,508001,770517,1084220,1411330,1816380,2223840,2676020,3240900,,,,,,,,,,,,,,,,3/4/2025 0:34
410,44,15,144700,0.13,723500,84658.5,196540,366939,556658,783398,1019710,1312410,1606650,1933110,2341110,2748050,3199580,3700600,4256540,4949750,,,,,,,,,,,3/4/2025 0:34
411,44,20,118800,0.13,594000,69163.9,160611,300025,455212,640701,833940,1073350,1313880,1580700,1914290,2246790,2615670,3024920,3478950,4045350,4611160,5238940,5935490,6708370,7628610,,,,,,3/4/2025 0:34
412,44,25,103700,0.13,518500,60130.4,139664,261014,396068,557506,725634,933974,1143190,1375240,1665440,1954550,2275250,2630980,3025610,3518070,4009740,4555210,5160370,5831760,6631340,7463830,8387500,9412370,10549500,11866000,3/4/2025 0:34
413,45,10,199400,0.13,997000,117181,271930,507376,769748,1083480,1410610,1815700,2223200,2675420,3240370,,,,,,,,,,,,,,,,3/4/2025 0:34
414,45,15,144700,0.13,723500,84511.9,196184,366297,555812,782456,1018660,1311250,1605360,1931680,2339520,2746290,3197620,3698430,4254120,4947070,,,,,,,,,,,3/4/2025 0:34
415,45,20,118900,0.13,594500,69103.2,160457,299755,454907,640475,833795,1073320,1313950,1580880,1914620,2247270,2616310,3025730,3479960,4046630,4612680,5240740,5937590,6710810,7631480,,,,,,3/4/2025 0:34
416,45,25,103800,0.13,519000,60085,139547,260810,395850,557377,725596,934059,1143390,1375570,1665940,1955210,2276090,2632020,3026860,3519620,4011580,4557350,5162850,5834610,6634670,7467640,8391840,9417280,10555100,11872400,3/4/2025 0:34
417,46,10,199600,0.13,998000,117141,271548,506819,769138,1083030,1410320,1815640,2223340,2675780,3241040,,,,,,,,,,,,,,,,3/4/2025 0:34
418,46,15,144800,0.13,724000,84456.3,195843,365774,555190,781876,1018130,1310780,1604940,1931320,2339260,2746100,3197530,3698420,4254230,4947340,,,,,,,,,,,3/4/2025 0:34
419,46,20,119000,0.13,595000,69068.2,160202,299370,454463,640093,833477,1073090,1313800,1580820,1914700,2247460,2616630,3026190,3480570,4047460,4613710,5241990,5939090,6712570,7633590,,,,,,3/4/2025 0:34
420,46,25,103800,0.13,519000,60002.3,139203,260249,395120,556562,724691,933054,1142280,1374330,1664570,1953680,2274390,2630140,3024770,3517300,4009000,4554490,5159670,5831080,6630750,7463280,8387000,9411920,10549100,11865700,3/4/2025 0:34
421,47,10,199800,0.13,999000,116971,271018,506061,768266,1082280,1409710,1815210,2223070,2675700,3241230,,,,,,,,,,,,,,,,3/4/2025 0:34
422,47,15,144900,0.13,724500,84306.2,195397,365107,554378,781085,1017350,1310050,1604240,1930640,2338640,2745520,3196990,3697930,4253780,4947010,,,,,,,,,,,3/4/2025 0:34
423,47,20,119000,0.13,595000,68895.9,159721,298610,453473,638988,832250,1071730,1312290,1579140,1912830,2245390,2614330,3023630,3477740,4044310,4610220,5238110,5934780,6707790,7628280,,,,,,3/4/2025 0:34
424,47,25,103900,0.13,519500,59911.4,138921,259841,394644,556144,724333,932783,1142080,1374220,1664580,1953810,2274630,2630510,3025290,3518030,4009920,4555610,5161020,5832690,6632700,7465550,8389630,9414940,10552600,11869700,3/4/2025 0:34
425,48,10,200000,0.13,1000000,116801,270438,505176,767263,1081390,1408930,1814600,2222610,2675390,3241160,,,,,,,,,,,,,,,,3/4/2025 0:34
426,48,15,145100,0.13,725500,84215.1,195050,364604,553860,780733,1017170,1310100,1604510,1931150,2339480,2746670,3198470,3699790,4256060,4949850,,,,,,,,,,,3/4/2025 0:34
427,48,20,119100,0.13,595500,68782.8,159348,298031,452795,638344,831640,1071170,1311780,1578690,1912460,2245080,2614090,3023480,3477670,4044400,4610420,5238430,5935250,6708420,7629140,,,,,,3/4/2025 0:34
428,48,25,103900,0.13,519500,59760.9,138475,259111,393710,555100,723173,931495,1140650,1372630,1662820,1951850,2272460,2628100,3022610,3515060,4006610,4551940,5156950,5828170,6627680,7459970,8383430,9408060,10545000,11861300,3/4/2025 0:34
429,49,10,200200,0.13,1001000,116601,269725,504167,765982,1080190,1407810,1813600,2221710,2674610,3240570,,,,,,,,,,,,,,,,3/4/2025 0:34
430,49,15,145200,0.13,726000,84043.1,194471,363755,552750,779607,1016030,1308950,1603340,1929960,2338300,2745460,3197230,3698520,4254760,4948560,,,,,,,,,,,3/4/2025 0:34
431,49,20,119200,0.13,596000,68652.2,158896,297378,451950,637512,830822,1070390,1311020,1577950,1911780,2244430,2613470,3022890,3477120,4043950,4610030,5238100,5934990,6708230,7629090,,,,,,3/4/2025 0:34
432,49,25,104000,0.13,520000,59654.4,138098,258573,393020,554440,722546,930925,1140120,1372150,1662420,1951510,2272190,2627910,3022500,3515100,4006760,4552220,5157360,5828730,6628460,7460950,8384620,9409480,10546600,11863300,3/4/2025 0:34
433,50,10,200500,0.13,1002500,116401,269118,503116,764765,1079170,1406990,1813080,2221440,2674630,3241000,,,,,,,,,,,,,,,,3/4/2025 0:34
434,50,15,145300,0.13,726500,83828.6,193869,362691,551407,778218,1014590,1307490,1601810,1928370,2336670,2743760,3195450,3696650,4252780,4946520,,,,,,,,,,,3/4/2025 0:34
435,50,20,119300,0.13,596500,68486.6,158426,296548,450912,636462,829761,1069340,1309960,1576870,1910720,2243360,2612390,3021800,3476020,4042880,4608940,5237010,5933880,6707100,7628000,,,,,,3/4/2025 0:34
436,50,25,104100,0.13,520500,59517.4,137705,257880,392161,553589,721707,930120,1139330,1371380,1661700,1950820,2271530,2627280,3021910,3514600,4006310,4551820,5157020,5828470,6628320,7460900,8384670,9409650,10546900,11863800,3/4/2025 0:34
437,51,10,200800,0.13,1004000,116221,268164,501698,763087,1077640,1405600,1811910,2220470,2673860,3240560,,,,,,,,,,,,,,,,3/4/2025 0:34
438,51,15,145500,0.13,727500,83688.2,193153,361616,550117,776998,1013450,1306470,1600900,1927560,2336050,2743280,3195130,3696500,4252830,4946890,,,,,,,,,,,3/4/2025 0:34
439,51,20,119400,0.13,597000,68333.5,157750,295501,449601,635105,828360,1067910,1308480,1575330,1909150,2241720,2610680,3020000,3474120,4040940,4606890,5234830,5931570,6704640,7625420,,,,,,3/4/2025 0:34
440,51,25,104200,0.13,521000,59391.3,137132,256997,391063,552470,720569,928983,1138180,1370200,1660530,1949630,2270300,2626020,3020630,3513330,4005010,4550480,5155640,5827040,6626890,7459420,8383130,9408040,10545300,11862100,3/4/2025 0:34
441,52,10,201200,0.13,1006000,115881,267130,500207,761377,1076170,1404400,1811080,2219970,2673720,3240960,,,,,,,,,,,,,,,,3/4/2025 0:34
442,52,15,145700,0.13,728500,83388.6,192281,360305,548526,775437,1011930,1305030,1599510,1926240,2334850,2742160,3194100,3695560,4252000,4946290,,,,,,,,,,,3/4/2025 0:34
443,52,20,119600,0.13,598000,68108.5,157082,294513,448428,634011,827356,1067050,1307730,1574720,1908740,2241480,2610620,3020140,3474490,4041660,4607910,5236180,5933270,6706750,7628070,,,,,,3/4/2025 0:34
444,52,25,104300,0.13,521500,59151.2,136448,255946,389750,551104,719159,927544,1136680,1368650,1658940,1947970,2268570,2624200,3018710,3511360,4002930,4548280,5153300,5824540,6624280,7456620,8380140,9404820,10541800,11858400,3/4/2025 0:34
445,53,10,201600,0.13,1008000,115559,266001,498521,759400,1074400,1402850,1809870,2219050,2673120,3240840,,,,,,,,,,,,,,,,3/4/2025 0:34
446,53,15,145900,0.13,729500,83103.4,191342,358855,546743,773658,1010160,1303330,1597830,1924580,2333290,2740630,3192610,3694120,4250610,4945070,,,,,,,,,,,3/4/2025 0:34
447,53,20,119700,0.13,598500,67836.9,156225,293160,446714,632194,825444,1065050,1305620,1572480,1906390,2238970,2607940,3017280,3471420,4038410,4604400,5232380,5929160,6702290,7623290,,,,,,3/4/2025 0:34
448,53,25,104400,0.13,522000,58921.7,135717,254796,388301,549583,717575,925912,1134980,1366860,1657090,1946020,2266510,2622020,3016400,3508950,4000360,4545530,5150350,5821370,6620920,7453000,8376210,9400570,10537200,11853400,3/4/2025 0:34
449,54,10,202100,0.13,1010500,115227,264810,496785,757418,1072730,1401530,1809030,2218640,2673200,3241610,,,,,,,,,,,,,,,,3/4/2025 0:34
450,54,15,146200,0.13,731000,82827.2,190396,357440,545065,772099,1008750,1302140,1596820,1923780,2332810,2740420,3192690,3694530,4251380,4946390,,,,,,,,,,,3/4/2025 0:34
451,54,20,119900,0.13,599500,67583.4,155386,291881,445157,630658,823950,1063650,1304270,1571190,1905230,2237900,2606960,3016400,3470660,4037880,4604020,5232180,5929140,6702480,7623810,,,,,,3/4/2025 0:34
452,54,25,104600,0.13,523000,58715.4,135019,253742,387035,548373,716442,924907,1134070,1366070,1656490,1945560,2266210,2621900,3016470,3509340,4001010,4546460,5151600,5822970,6623000,7455530,8379230,9404130,10541300,11858300,3/4/2025 0:34
453,55,10,202500,0.13,1012500,114768,263299,494515,754693,1070100,1399030,1806760,2216540,2671290,3240040,,,,,,,,,,,,,,,,3/4/2025 0:34
454,55,15,146500,0.13,732500,82500.9,189316,355820,543124,770238,1007000,1300570,1595400,1922520,2331820,2739640,3192140,3694230,4251370,4946850,,,,,,,,,,,3/4/2025 0:34
455,55,20,120100,0.13,600500,67289.2,154438,290435,443384,628872,822177,1061930,1302580,1569520,1903650,2236360,2605460,3014950,3469250,4036630,4602850,5231080,5928140,6701580,7623130,,,,,,3/4/2025 0:34
456,55,25,104700,0.13,523500,58415.6,134093,252294,385203,546408,714366,922729,1131760,1363600,1653890,1942780,2263230,2618700,3013020,3505670,3997030,4542150,5146920,5817880,6617510,7449530,8372680,9396970,10533500,11849800,3/4/2025 0:34
